"Nonimmigrant Visa Issuances By NationalityOctober 2017 (FY 2018)",,
Nationality,Visa Class,Issuances
Afghanistan,A1,8
Afghanistan,A2,30
Afghanistan,B1/B2,116
Afghanistan,F1,5
Afghanistan,G1,6
Afghanistan,G2,8
Afghanistan,G4,5
Afghanistan,H1B,1
Afghanistan,J1,4
Afghanistan,K1,10
Afghanistan,O1,1
Albania,A2,5
Albania,B1/B2,"1,020"
Albania,C1,1
Albania,C1/D,8
Albania,E2,1
Albania,F1,11
Albania,F2,1
Albania,G2,1
Albania,G4,8
Albania,H1B,2
Albania,I,3
Albania,J1,6
Albania,K1,13
Albania,L2,1
Albania,P3,8
Algeria,A1,2
Algeria,A2,14
Algeria,B1/B2,"1,103"
Algeria,C1,2
Algeria,D,14
Algeria,E2,1
Algeria,F1,6
Algeria,G1,2
Algeria,G2,2
Algeria,G4,4
Algeria,H1B,2
Algeria,J1,7
Algeria,J2,3
Algeria,K1,12
Algeria,L1,2
"Nonimmigrant Visa Issuances By NationalityOctober 2017 (FY 2018)",,
Nationality,Visa Class,Issuances
Algeria,M1,4
Angola,A1,6
Angola,A2,9
Angola,B1,1
Angola,B1/B2,438
Angola,B2,71
Angola,C1/D,19
Angola,F1,15
Angola,G1,5
Angola,G2,21
Angola,G4,3
Angola,I,4
Angola,J1,1
Angola,L1,2
Angola,R1,1
Antigua and Barbuda,A2,2
Antigua and Barbuda,B1/B2,173
Antigua and Barbuda,B2,22
Antigua and Barbuda,C1/D,2
Antigua and Barbuda,C3,1
Antigua and Barbuda,G4,2
Antigua and Barbuda,K1,1
Antigua and Barbuda,L1,2
Antigua and Barbuda,L2,1
Antigua and Barbuda,M1,2
Argentina,A1,8
Argentina,A2,60
Argentina,B1,14
Argentina,B1/B2,"31,439"
Argentina,C1,3
Argentina,C1/D,61
Argentina,C3,2
Argentina,E1,4
Argentina,E2,31
Argentina,F1,101
Argentina,F2,13
Argentina,G1,1
Argentina,G2,4
Argentina,G3,1
Argentina,G4,26
Argentina,H1B,17
"Nonimmigrant Visa Issuances By NationalityOctober 2017 (FY 2018)",,
Nationality,Visa Class,Issuances
Argentina,H2B,23
Argentina,H3,1
Argentina,H4,8
Argentina,I,3
Argentina,J1,"1,013"
Argentina,J2,25
Argentina,K1,5
Argentina,K2,1
Argentina,L1,36
Argentina,L2,32
Argentina,M1,2
Argentina,O1,5
Argentina,O2,1
Argentina,O3,8
Argentina,P1,6
Argentina,P3,1
Argentina,R1,4
Argentina,R2,1
Armenia,A2,10
Armenia,B1,27
Armenia,B1/B2,588
Armenia,B2,5
Armenia,F1,1
Armenia,G2,1
Armenia,G4,2
Armenia,H1B,4
Armenia,H3,3
Armenia,J1,21
Armenia,J2,1
Armenia,K1,14
Armenia,K2,1
Armenia,L1,2
Armenia,L2,2
Armenia,O1,2
Armenia,O2,20
Armenia,P1,2
Armenia,P3,64
Australia,A1,16
Australia,A2,407
Australia,B1,15
Australia,B1/B2,"1,018"
"Nonimmigrant Visa Issuances By NationalityOctober 2017 (FY 2018)",,
Nationality,Visa Class,Issuances
Australia,B2,4
Australia,C1,8
Australia,C1/D,238
Australia,C3,41
Australia,E1,1
Australia,E2,52
Australia,E3,415
Australia,E3D,236
Australia,E3R,183
Australia,F1,38
Australia,F2,1
Australia,G1,3
Australia,G2,2
Australia,G4,21
Australia,H1B,27
Australia,H2B,7
Australia,H3,1
Australia,H4,5
Australia,I,21
Australia,J1,137
Australia,J2,21
Australia,K1,12
Australia,K2,1
Australia,L1,94
Australia,L2,73
Australia,M1,6
Australia,O1,71
Australia,O2,7
Australia,O3,8
Australia,P1,44
Australia,P3,1
Australia,P4,2
Australia,R1,7
Australia,R2,1
Australia,TD,2
Austria,A1,2
Austria,A2,12
Austria,B1,13
Austria,B1/B2,173
Austria,C1/D,68
Austria,E1,6
"Nonimmigrant Visa Issuances By NationalityOctober 2017 (FY 2018)",,
Nationality,Visa Class,Issuances
Austria,E2,8
Austria,F1,18
Austria,G1,1
Austria,G4,3
Austria,H1B,4
Austria,H2B,2
Austria,H4,3
Austria,I,3
Austria,J1,88
Austria,J2,9
Austria,L1,16
Austria,L2,8
Austria,M1,3
Austria,O1,7
Austria,O2,1
Austria,P1,19
Austria,P3,4
Azerbaijan,A2,18
Azerbaijan,B1,2
Azerbaijan,B1/B2,490
Azerbaijan,B2,2
Azerbaijan,C1,1
Azerbaijan,C1/D,24
Azerbaijan,C3,1
Azerbaijan,E2,2
Azerbaijan,F1,6
Azerbaijan,G2,19
Azerbaijan,G4,1
Azerbaijan,H1B,4
Azerbaijan,I,1
Azerbaijan,J1,13
Azerbaijan,J2,1
Azerbaijan,K1,2
Azerbaijan,L1,2
Azerbaijan,L2,3
Azerbaijan,P3,1
"Bahamas, The",A1,8
"Bahamas, The",A2,3
"Bahamas, The",B1/B2,779
"Bahamas, The",B2,1
"Bahamas, The",C1/D,7
"Nonimmigrant Visa Issuances By NationalityOctober 2017 (FY 2018)",,
Nationality,Visa Class,Issuances
"Bahamas, The",C3,1
"Bahamas, The",F1,19
"Bahamas, The",F2,1
"Bahamas, The",G1,1
"Bahamas, The",H1B,5
"Bahamas, The",H4,2
"Bahamas, The",J1,5
"Bahamas, The",K1,1
"Bahamas, The",L1,2
"Bahamas, The",L2,3
"Bahamas, The",M1,7
"Bahamas, The",O3,1
Bahrain,A2,12
Bahrain,B1/B2,205
Bahrain,B2,4
Bahrain,C1,5
Bahrain,C1/D,6
Bahrain,F1,3
Bahrain,F2,2
Bahrain,G2,2
Bahrain,J1,3
Bahrain,L1,1
Bangladesh,A1,4
Bangladesh,A2,81
Bangladesh,A3,1
Bangladesh,B1,5
Bangladesh,B1/B2,"1,165"
Bangladesh,B2,7
Bangladesh,C1,1
Bangladesh,C1/D,60
Bangladesh,C3,1
Bangladesh,E2,1
Bangladesh,F1,57
Bangladesh,F2,51
Bangladesh,G1,13
Bangladesh,G2,20
Bangladesh,G4,37
Bangladesh,H1B,13
Bangladesh,H2B,1
Bangladesh,H4,19
Bangladesh,I,5
"Nonimmigrant Visa Issuances By NationalityOctober 2017 (FY 2018)",,
Nationality,Visa Class,Issuances
Bangladesh,J1,17
Bangladesh,J2,9
Bangladesh,K1,1
Bangladesh,L1,3
Bangladesh,L2,2
Bangladesh,O1,1
Bangladesh,P3,8
Bangladesh,T3,1
Bangladesh,TD,2
Barbados,A2,9
Barbados,B1/B2,739
Barbados,B2,87
Barbados,C1/D,7
Barbados,C3,4
Barbados,F1,4
Barbados,G4,2
Barbados,H1B,2
Barbados,H2B,1
Barbados,J1,1
Barbados,L1,2
Barbados,O3,1
Belarus,A2,8
Belarus,B1,4
Belarus,B1/B2,"1,380"
Belarus,C1/D,86
Belarus,F1,11
Belarus,G1,3
Belarus,G2,3
Belarus,G4,6
Belarus,H1B,8
Belarus,H4,5
Belarus,I,1
Belarus,J1,15
Belarus,J2,1
Belarus,K1,2
Belarus,K2,2
Belarus,L1,27
Belarus,L2,23
Belarus,M1,1
Belarus,O1,6
Belarus,P1,10
"Nonimmigrant Visa Issuances By NationalityOctober 2017 (FY 2018)",,
Nationality,Visa Class,Issuances
Belarus,P4,1
Belarus,TD,1
Belgium,A2,15
Belgium,B1,5
Belgium,B1/B2,185
Belgium,C1/D,51
Belgium,C3,3
Belgium,E1,3
Belgium,E2,23
Belgium,F1,12
Belgium,G2,2
Belgium,G3,1
Belgium,G4,13
Belgium,H1B,8
Belgium,H3,1
Belgium,H4,3
Belgium,I,8
Belgium,J1,38
Belgium,J2,10
Belgium,K1,1
Belgium,L1,31
Belgium,L2,18
Belgium,M1,10
Belgium,NATO2,48
Belgium,NATO4,1
Belgium,O1,11
Belgium,O2,7
Belgium,P1,9
Belgium,R1,1
Belize,A2,3
Belize,B1/B2,191
Belize,C1,10
Belize,C1/D,7
Belize,C3,36
Belize,F2,1
Belize,G4,1
Belize,H1B,2
Belize,H2A,7
Belize,H2B,7
Belize,K1,4
Belize,K2,1
"Nonimmigrant Visa Issuances By NationalityOctober 2017 (FY 2018)",,
Nationality,Visa Class,Issuances
Benin,A1,2
Benin,A2,3
Benin,B1,1
Benin,B1/B2,127
Benin,D,1
Benin,F1,9
Benin,G1,9
Benin,G2,8
Benin,G4,6
Benin,H1B,3
Bermuda,B1/B2,20
Bermuda,H1B,1
Bermuda,J1,1
Bermuda,K1,1
Bermuda,P1,1
Bhutan,A2,1
Bhutan,B1/B2,39
Bhutan,G1,1
Bhutan,G2,2
Bhutan,G5,1
Bhutan,J1,5
Bhutan,M1,1
Bhutan,R1,1
Bolivia,A1,6
Bolivia,A2,5
Bolivia,B1,10
Bolivia,B1/B2,"1,721"
Bolivia,C1,17
Bolivia,C1/D,1
Bolivia,C3,1
Bolivia,E1,4
Bolivia,F1,27
Bolivia,F2,1
Bolivia,G2,3
Bolivia,G4,12
Bolivia,G5,1
Bolivia,H1B,5
Bolivia,H4,5
Bolivia,I,1
Bolivia,J1,7
Bolivia,K1,1
"Nonimmigrant Visa Issuances By NationalityOctober 2017 (FY 2018)",,
Nationality,Visa Class,Issuances
Bolivia,P1,1
Bolivia,P3,15
Bolivia,R1,1
Bolivia,TD,1
Bosnia-Herzegovina,A1,1
Bosnia-Herzegovina,A2,6
Bosnia-Herzegovina,B1/B2,276
Bosnia-Herzegovina,C1/D,145
Bosnia-Herzegovina,G2,1
Bosnia-Herzegovina,G4,3
Bosnia-Herzegovina,H1B,2
Bosnia-Herzegovina,I,1
Bosnia-Herzegovina,J1,19
Bosnia-Herzegovina,K1,9
Bosnia-Herzegovina,P3,14
Bosnia-Herzegovina,R2,3
Botswana,A2,4
Botswana,B1,1
Botswana,B1/B2,81
Botswana,C1,2
Botswana,C1/D,1
Botswana,F1,2
Botswana,G2,1
Botswana,G4,5
Botswana,G5,1
Botswana,I,1
Botswana,J1,2
Botswana,O1,1
Brazil,A1,12
Brazil,A2,283
Brazil,A3,2
Brazil,B1,300
Brazil,B1/B2,"45,845"
Brazil,B2,2
Brazil,C1,26
Brazil,C1/D,238
Brazil,C3,31
Brazil,E2,21
Brazil,E3D,1
Brazil,F1,613
Brazil,F2,391
"Nonimmigrant Visa Issuances By NationalityOctober 2017 (FY 2018)",,
Nationality,Visa Class,Issuances
Brazil,G1,8
Brazil,G2,10
Brazil,G4,54
Brazil,G5,3
Brazil,H1B,113
Brazil,H2A,4
Brazil,H2B,5
Brazil,H4,57
Brazil,I,14
Brazil,J1,978
Brazil,J2,53
Brazil,K1,43
Brazil,K2,11
Brazil,L1,289
Brazil,L2,344
Brazil,M1,8
Brazil,M2,1
Brazil,O1,106
Brazil,O2,21
Brazil,O3,31
Brazil,P1,54
Brazil,P3,1
Brazil,P4,11
Brazil,R1,17
Brazil,R2,8
British National Overseas (Hong Kong) Passport,B1/B2,202
British National Overseas (Hong Kong) Passport,C1/D,6
British National Overseas (Hong Kong) Passport,CW1,1
British National Overseas (Hong Kong) Passport,E3D,1
British National Overseas (Hong Kong) Passport,F1,1
British National Overseas (Hong Kong) Passport,H1B,1
British National Overseas (Hong Kong) Passport,J1,2
British National Overseas (Hong Kong) Passport,L1,2
British National Overseas (Hong Kong) Passport,O2,2
British Virgin Islands,B1/B2,1
British Virgin Islands,F1,2
British Virgin Islands,H1B,1
Brunei,A2,1
Brunei,B1,1
Brunei,B1/B2,1
Bulgaria,A1,2
"Nonimmigrant Visa Issuances By NationalityOctober 2017 (FY 2018)",,
Nationality,Visa Class,Issuances
Bulgaria,A2,5
Bulgaria,B1,4
Bulgaria,B1/B2,866
Bulgaria,C1/D,141
Bulgaria,E2,1
Bulgaria,F1,3
Bulgaria,F2,3
Bulgaria,G2,4
Bulgaria,G4,1
Bulgaria,H1B,9
Bulgaria,H2B,6
Bulgaria,H4,1
Bulgaria,J1,15
Bulgaria,K1,6
Bulgaria,K2,1
Bulgaria,L1,3
Bulgaria,L2,2
Bulgaria,NATO2,8
Bulgaria,O1,2
Bulgaria,O2,1
Bulgaria,P1,1
Bulgaria,P3,2
Bulgaria,P4,1
Burkina Faso,A2,9
Burkina Faso,B1/B2,147
Burkina Faso,C1,1
Burkina Faso,F1,11
Burkina Faso,G2,4
Burkina Faso,G4,7
Burkina Faso,H1B,1
Burkina Faso,J1,6
Burkina Faso,K1,1
Burkina Faso,L2,1
Burma,A2,2
Burma,B1,122
Burma,B1/B2,31
Burma,B2,217
Burma,C1,101
Burma,CW1,2
Burma,D,395
Burma,F1,10
"Nonimmigrant Visa Issuances By NationalityOctober 2017 (FY 2018)",,
Nationality,Visa Class,Issuances
Burma,F2,1
Burma,G1,1
Burma,G2,2
Burma,G4,2
Burma,H1B,4
Burma,H4,1
Burma,J1,5
Burma,J2,1
Burma,K1,9
Burma,L1,2
Burma,L2,1
Burma,M1,2
Burundi,B1/B2,49
Burundi,F1,3
Burundi,F2,1
Burundi,G1,1
Burundi,G2,3
Burundi,K1,2
Burundi,P1,1
Cabo Verde,A1,1
Cabo Verde,A2,2
Cabo Verde,B1/B2,118
Cabo Verde,C1/D,3
Cabo Verde,C3,4
Cabo Verde,G2,5
Cabo Verde,K1,1
Cabo Verde,M1,1
Cambodia,A1,1
Cambodia,A2,16
Cambodia,B1,7
Cambodia,B1/B2,402
Cambodia,B2,1
Cambodia,C1,3
Cambodia,F1,9
Cambodia,G2,8
Cambodia,G4,2
Cambodia,H4,1
Cambodia,I,1
Cambodia,J1,3
Cambodia,K1,41
Cambodia,K2,4
"Nonimmigrant Visa Issuances By NationalityOctober 2017 (FY 2018)",,
Nationality,Visa Class,Issuances
Cambodia,P1,1
Cambodia,P3,8
Cambodia,R1,2
Cameroon,A2,40
Cameroon,B1,1
Cameroon,B1/B2,669
Cameroon,B2,1
Cameroon,C1/D,3
Cameroon,F1,34
Cameroon,F2,3
Cameroon,G2,12
Cameroon,G4,15
Cameroon,H1B,5
Cameroon,I,1
Cameroon,J1,6
Cameroon,J2,8
Cameroon,K1,11
Cameroon,L1,2
Cameroon,L2,4
Cameroon,P1,1
Cameroon,R2,3
Canada,A1,6
Canada,A2,23
Canada,B1,3
Canada,B1/B2,34
Canada,B2,1
Canada,C1/D,1
Canada,E1,57
Canada,E2,216
Canada,E3D,5
Canada,F1,2
Canada,G1,3
Canada,G4,61
Canada,H1B,12
Canada,H2B,1
Canada,H4,6
Canada,I,8
Canada,J1,6
Canada,J2,1
Canada,K1,56
Canada,K2,2
"Nonimmigrant Visa Issuances By NationalityOctober 2017 (FY 2018)",,
Nationality,Visa Class,Issuances
Canada,L1,13
Canada,L2,15
Canada,M1,2
Canada,NATO2,6
Canada,O1,4
Canada,O2,4
Canada,O3,2
Canada,P1,17
Canada,P3,2
Canada,R1,1
Canada,TD,1
Canada,TN,12
Cayman Islands,B1/B2,63
Central African Republic,B1/B2,17
Central African Republic,B2,1
Central African Republic,F1,4
Central African Republic,G1,4
Central African Republic,G2,2
Central African Republic,J1,13
Chad,A2,3
Chad,B1,11
Chad,B1/B2,21
Chad,B2,31
Chad,F1,6
Chad,F2,1
Chad,G1,1
Chad,G2,10
Chad,G4,2
Chad,J1,2
Chile,A1,1
Chile,A2,111
Chile,B1,38
Chile,B1/B2,226
Chile,B2,1
Chile,C1/D,105
Chile,C3,5
Chile,E1,3
Chile,E2,30
Chile,F1,100
Chile,F2,32
Chile,G1,1
"Nonimmigrant Visa Issuances By NationalityOctober 2017 (FY 2018)",,
Nationality,Visa Class,Issuances
Chile,G2,5
Chile,G4,8
Chile,H1B,20
Chile,H1B1,42
Chile,H2B,1
Chile,H4,39
Chile,I,4
Chile,J1,270
Chile,J2,12
Chile,K1,5
Chile,K2,1
Chile,L1,11
Chile,L2,27
Chile,M1,1
Chile,O1,4
Chile,O2,15
Chile,P1,17
Chile,P3,9
Chile,R1,4
China-mainland,A1,31
China-mainland,A2,169
China-mainland,B1,38
China-mainland,B1/B2,"79,422"
China-mainland,B2,71
China-mainland,C1,93
China-mainland,C1/D,879
China-mainland,C3,36
China-mainland,CW1,114
China-mainland,CW2,15
China-mainland,E1,1
China-mainland,E2,9
China-mainland,E3D,3
China-mainland,F1,945
China-mainland,F2,167
China-mainland,G1,14
China-mainland,G2,20
China-mainland,G4,53
China-mainland,G5,1
China-mainland,H1B,"1,901"
China-mainland,H3,11
China-mainland,H4,381
"Nonimmigrant Visa Issuances By NationalityOctober 2017 (FY 2018)",,
Nationality,Visa Class,Issuances
China-mainland,I,59
China-mainland,J1,"2,209"
China-mainland,J2,918
China-mainland,K1,59
China-mainland,K2,11
China-mainland,L1,337
China-mainland,L2,274
China-mainland,M1,130
China-mainland,M2,2
China-mainland,O1,85
China-mainland,O2,11
China-mainland,O3,20
China-mainland,P1,113
China-mainland,P2,4
China-mainland,P3,214
China-mainland,Q1,3
China-mainland,R1,9
China-mainland,R2,1
China-mainland,TD,7
China-mainland,U2,2
China-mainland,U3,1
China-Taiwan,B1/B2,456
China-Taiwan,C1,45
China-Taiwan,C1/D,150
China-Taiwan,CW1,5
China-Taiwan,E1,41
China-Taiwan,E2,22
China-Taiwan,F1,106
China-Taiwan,F2,14
China-Taiwan,G4,5
China-Taiwan,H1B,88
China-Taiwan,H3,1
China-Taiwan,H4,22
China-Taiwan,I,13
China-Taiwan,J1,110
China-Taiwan,J2,25
China-Taiwan,K1,7
China-Taiwan,L1,37
China-Taiwan,L2,34
China-Taiwan,M1,10
China-Taiwan,O1,8
"Nonimmigrant Visa Issuances By NationalityOctober 2017 (FY 2018)",,
Nationality,Visa Class,Issuances
China-Taiwan,O3,1
China-Taiwan,P1,169
China-Taiwan,P3,10
China-Taiwan,R1,4
Colombia,A1,2
Colombia,A2,165
Colombia,B1,33
Colombia,B1/B2,"14,754"
Colombia,C1,14
Colombia,C1/D,217
Colombia,C3,6
Colombia,E1,1
Colombia,E2,28
Colombia,F1,204
Colombia,F2,5
Colombia,G1,4
Colombia,G2,2
Colombia,G4,34
Colombia,G5,2
Colombia,H1B,53
Colombia,H2B,1
Colombia,H4,27
Colombia,I,7
Colombia,J1,228
Colombia,J2,13
Colombia,K1,77
Colombia,K2,28
Colombia,L1,34
Colombia,L2,29
Colombia,M1,7
Colombia,O1,10
Colombia,O2,5
Colombia,O3,2
Colombia,P1,27
Colombia,P3,7
Colombia,R1,10
Colombia,R2,2
Colombia,TD,3
Comoros,A2,2
Comoros,B1/B2,7
Comoros,F1,1
"Nonimmigrant Visa Issuances By NationalityOctober 2017 (FY 2018)",,
Nationality,Visa Class,Issuances
Comoros,G1,1
"Congo, Democratic Republic of the",A1,2
"Congo, Democratic Republic of the",A2,7
"Congo, Democratic Republic of the",B1/B2,409
"Congo, Democratic Republic of the",B2,1
"Congo, Democratic Republic of the",F1,19
"Congo, Democratic Republic of the",F2,1
"Congo, Democratic Republic of the",G2,41
"Congo, Democratic Republic of the",G4,8
"Congo, Democratic Republic of the",J1,3
"Congo, Democratic Republic of the",J2,1
"Congo, Democratic Republic of the",K1,4
"Congo, Democratic Republic of the",M1,3
"Congo, Democratic Republic of the",O1,1
"Congo, Democratic Republic of the",U3,1
"Congo, Republic of the",A1,1
"Congo, Republic of the",A2,4
"Congo, Republic of the",B1/B2,90
"Congo, Republic of the",F1,3
"Congo, Republic of the",G1,8
"Congo, Republic of the",G2,5
"Congo, Republic of the",G4,4
"Congo, Republic of the",H1B,1
"Congo, Republic of the",J1,2
"Congo, Republic of the",K1,1
"Congo, Republic of the",K2,1
"Congo, Republic of the",R1,1
Costa Rica,A1,4
Costa Rica,A2,25
Costa Rica,B1,2
Costa Rica,B1/B2,"6,198"
Costa Rica,C1,4
Costa Rica,C1/D,56
Costa Rica,C3,7
Costa Rica,F1,18
Costa Rica,F2,2
Costa Rica,G4,14
Costa Rica,H1B,12
Costa Rica,H2B,15
Costa Rica,H4,12
Costa Rica,J1,192
"Nonimmigrant Visa Issuances By NationalityOctober 2017 (FY 2018)",,
Nationality,Visa Class,Issuances
Costa Rica,K1,11
Costa Rica,K2,2
Costa Rica,L1,25
Costa Rica,L2,29
Costa Rica,M1,1
Costa Rica,O1,1
Costa Rica,R1,1
Costa Rica,R2,1
Cote D'Ivoire,A1,7
Cote D'Ivoire,A2,44
Cote D'Ivoire,B1,7
Cote D'Ivoire,B1/B2,358
Cote D'Ivoire,B2,27
Cote D'Ivoire,F1,14
Cote D'Ivoire,G1,31
Cote D'Ivoire,G2,3
Cote D'Ivoire,G4,16
Cote D'Ivoire,H1B,1
Cote D'Ivoire,H4,1
Cote D'Ivoire,I,4
Cote D'Ivoire,J1,7
Cote D'Ivoire,J2,3
Cote D'Ivoire,K1,2
Cote D'Ivoire,L1,1
Cote D'Ivoire,R1,1
Croatia,A2,6
Croatia,B1,28
Croatia,B1/B2,883
Croatia,B2,3
Croatia,C1,3
Croatia,C1/D,265
Croatia,E1,2
Croatia,F1,10
Croatia,G1,3
Croatia,G2,1
Croatia,G4,8
Croatia,H1B,1
Croatia,H2B,3
Croatia,I,1
Croatia,J1,10
Croatia,L1,9
"Nonimmigrant Visa Issuances By NationalityOctober 2017 (FY 2018)",,
Nationality,Visa Class,Issuances
Croatia,L2,2
Croatia,M1,1
Croatia,O1,1
Croatia,P3,1
Croatia,P4,1
Cuba,A1,13
Cuba,A2,4
Cuba,B1,30
Cuba,B1/B2,142
Cuba,B2,102
Cuba,C1/D,1
Cuba,G1,7
Cuba,G2,10
Cuba,G4,8
Cuba,H4,1
Cuba,I,1
Cuba,J1,7
Cuba,K1,1
Cuba,K2,1
Cuba,L2,1
Cuba,O1,1
Cuba,P1,24
Cuba,P3,35
Cyprus,A2,1
Cyprus,B1/B2,321
Cyprus,C1/D,6
Cyprus,F1,5
Cyprus,G3,1
Cyprus,H1B,1
Cyprus,J1,13
Cyprus,L1,1
Cyprus,O1,1
Cyprus,P3,1
Czech Republic,A2,23
Czech Republic,B1,18
Czech Republic,B1/B2,159
Czech Republic,B2,5
Czech Republic,C1/D,57
Czech Republic,C3,14
Czech Republic,E2,1
Czech Republic,F1,10
"Nonimmigrant Visa Issuances By NationalityOctober 2017 (FY 2018)",,
Nationality,Visa Class,Issuances
Czech Republic,F2,1
Czech Republic,G2,2
Czech Republic,G3,1
Czech Republic,G4,4
Czech Republic,H1B,8
Czech Republic,H2B,1
Czech Republic,H4,2
Czech Republic,I,2
Czech Republic,J1,45
Czech Republic,J2,1
Czech Republic,K1,1
Czech Republic,L1,12
Czech Republic,L2,6
Czech Republic,NATO2,2
Czech Republic,NATO4,1
Czech Republic,O1,3
Czech Republic,O2,1
Czech Republic,P1,8
Czech Republic,Q1,1
Denmark,A1,1
Denmark,A2,43
Denmark,B1,7
Denmark,B1/B2,232
Denmark,B2,1
Denmark,C1/D,47
Denmark,E1,1
Denmark,E2,27
Denmark,F1,25
Denmark,F2,1
Denmark,G2,7
Denmark,G3,1
Denmark,G4,8
Denmark,H1B,11
Denmark,H3,1
Denmark,H4,3
Denmark,I,21
Denmark,J1,43
Denmark,J2,9
Denmark,K1,1
Denmark,L1,25
Denmark,L2,23
"Nonimmigrant Visa Issuances By NationalityOctober 2017 (FY 2018)",,
Nationality,Visa Class,Issuances
Denmark,NATO2,7
Denmark,NATO6,2
Denmark,O1,19
Denmark,O2,1
Denmark,P1,4
Denmark,TD,1
Djibouti,A1,4
Djibouti,A2,9
Djibouti,B1,1
Djibouti,B1/B2,7
Djibouti,G1,1
Djibouti,G2,2
Djibouti,G4,1
Dominica,B1/B2,55
Dominica,B2,5
Dominica,C1/D,4
Dominica,H1B,1
Dominica,H4,1
Dominica,J1,2
Dominican Republic,A1,2
Dominican Republic,A2,20
Dominican Republic,A3,1
Dominican Republic,B1,32
Dominican Republic,B1/B2,"12,672"
Dominican Republic,B2,2
Dominican Republic,C1,4
Dominican Republic,C1/D,40
Dominican Republic,D,1
Dominican Republic,E2,3
Dominican Republic,F1,27
Dominican Republic,G1,1
Dominican Republic,G2,1
Dominican Republic,G4,6
Dominican Republic,G5,1
Dominican Republic,H1B,5
Dominican Republic,H2A,1
Dominican Republic,H2B,2
Dominican Republic,H4,4
Dominican Republic,I,7
Dominican Republic,J1,18
Dominican Republic,K1,112
"Nonimmigrant Visa Issuances By NationalityOctober 2017 (FY 2018)",,
Nationality,Visa Class,Issuances
Dominican Republic,K2,44
Dominican Republic,L1,8
Dominican Republic,L2,13
Dominican Republic,M1,1
Dominican Republic,O1,4
Dominican Republic,O2,7
Dominican Republic,O3,3
Dominican Republic,P1,53
Dominican Republic,R1,2
Dominican Republic,R2,3
Dominican Republic,U3,3
Ecuador,A1,1
Ecuador,A2,81
Ecuador,B1,26
Ecuador,B1/B2,"11,752"
Ecuador,C1,27
Ecuador,C1/D,22
Ecuador,E2,1
Ecuador,F1,47
Ecuador,F2,4
Ecuador,G4,15
Ecuador,H1B,5
Ecuador,H2A,1
Ecuador,H2B,2
Ecuador,H3,1
Ecuador,I,5
Ecuador,J1,36
Ecuador,J2,3
Ecuador,K1,14
Ecuador,K2,1
Ecuador,L1,13
Ecuador,L2,11
Ecuador,M1,5
Ecuador,O1,1
Ecuador,O3,1
Ecuador,P1,9
Ecuador,R1,2
Ecuador,U2,1
Ecuador,U3,5
Egypt,A1,5
Egypt,A2,198
"Nonimmigrant Visa Issuances By NationalityOctober 2017 (FY 2018)",,
Nationality,Visa Class,Issuances
Egypt,A3,1
Egypt,B1,12
Egypt,B1/B2,"4,436"
Egypt,B2,43
Egypt,C1,1
Egypt,C1/D,57
Egypt,E2,3
Egypt,F1,33
Egypt,F2,14
Egypt,G1,4
Egypt,G2,7
Egypt,G4,12
Egypt,H1B,13
Egypt,H4,15
Egypt,I,15
Egypt,J1,59
Egypt,J2,14
Egypt,K1,20
Egypt,L1,15
Egypt,L2,24
Egypt,M1,5
Egypt,O1,2
Egypt,O3,2
Egypt,P1,2
Egypt,P3,4
Egypt,R1,2
Egypt,R2,3
El Salvador,A1,7
El Salvador,A2,118
El Salvador,B1,11
El Salvador,B1/B2,"3,392"
El Salvador,B2,2
El Salvador,C1,3
El Salvador,C1/D,22
El Salvador,C3,12
El Salvador,F1,6
El Salvador,F2,1
El Salvador,G2,7
El Salvador,G4,7
El Salvador,H1B,5
El Salvador,H2B,29
"Nonimmigrant Visa Issuances By NationalityOctober 2017 (FY 2018)",,
Nationality,Visa Class,Issuances
El Salvador,H4,1
El Salvador,I,3
El Salvador,J1,14
El Salvador,K1,15
El Salvador,K2,6
El Salvador,L1,4
El Salvador,L2,8
El Salvador,M1,1
El Salvador,O1,1
El Salvador,P1,1
El Salvador,R1,2
El Salvador,T4,1
El Salvador,U1,1
El Salvador,U2,3
El Salvador,U3,21
Equatorial Guinea,A1,2
Equatorial Guinea,A2,4
Equatorial Guinea,B1/B2,56
Equatorial Guinea,F1,6
Equatorial Guinea,G1,11
Equatorial Guinea,G2,1
Equatorial Guinea,J1,1
Eritrea,A2,2
Eritrea,B1/B2,41
Eritrea,C1,1
Eritrea,F1,4
Eritrea,G2,3
Eritrea,G4,2
Eritrea,K1,9
Estonia,A1,1
Estonia,A2,6
Estonia,B1/B2,25
Estonia,C1/D,12
Estonia,E2,5
Estonia,F1,2
Estonia,G2,3
Estonia,H1B,2
Estonia,I,3
Estonia,J1,11
Estonia,J2,1
Estonia,K1,1
"Nonimmigrant Visa Issuances By NationalityOctober 2017 (FY 2018)",,
Nationality,Visa Class,Issuances
Estonia,L2,1
Estonia,NATO2,10
Estonia,O1,1
Estonia,P1,2
Estonia,P3,7
Ethiopia,A1,7
Ethiopia,A2,9
Ethiopia,B1,7
Ethiopia,B1/B2,953
Ethiopia,B2,1
Ethiopia,C1,4
Ethiopia,C1/D,112
Ethiopia,C3,1
Ethiopia,D,1
Ethiopia,F1,32
Ethiopia,F2,1
Ethiopia,G1,5
Ethiopia,G2,1
Ethiopia,G4,33
Ethiopia,H1B,4
Ethiopia,H4,3
Ethiopia,J1,23
Ethiopia,J2,3
Ethiopia,K1,41
Ethiopia,K2,1
Ethiopia,L1,2
Ethiopia,O1,1
Ethiopia,P1,5
Ethiopia,R1,1
Federated States of Micronesia,A1,3
Federated States of Micronesia,G4,1
Fiji,A2,16
Fiji,B1,1
Fiji,B1/B2,292
Fiji,B2,1
Fiji,C1,9
Fiji,C1/D,10
Fiji,C3,2
Fiji,F1,1
Fiji,G4,6
Fiji,J1,3
"Nonimmigrant Visa Issuances By NationalityOctober 2017 (FY 2018)",,
Nationality,Visa Class,Issuances
Fiji,K1,1
Fiji,O1,1
Fiji,O3,1
Finland,A1,1
Finland,A2,54
Finland,B1,11
Finland,B1/B2,79
Finland,B2,2
Finland,C1,1
Finland,C1/D,87
Finland,E2,10
Finland,F1,12
Finland,G1,1
Finland,G2,17
Finland,G4,9
Finland,H1B,5
Finland,I,11
Finland,J1,37
Finland,J2,12
Finland,K1,1
Finland,L1,28
Finland,L2,22
Finland,M1,1
Finland,O1,6
Finland,O2,2
Finland,O3,9
Finland,P1,19
Finland,P3,3
France,A1,14
France,A2,131
France,B1,29
France,B1/B2,859
France,B2,5
France,C1,2
France,C1/D,138
France,C3,2
France,E1,12
France,E2,301
France,E3D,4
France,F1,140
France,F2,3
"Nonimmigrant Visa Issuances By NationalityOctober 2017 (FY 2018)",,
Nationality,Visa Class,Issuances
France,G1,1
France,G2,3
France,G3,1
France,G4,86
France,H1B,99
France,H3,1
France,H4,21
France,I,54
France,J1,447
France,J2,38
France,K1,12
France,L1,164
France,L2,108
France,M1,9
France,M2,2
France,NATO2,11
France,NATO4,2
France,O1,76
France,O2,24
France,O3,12
France,P1,63
France,P3,2
France,P4,1
France,Q1,16
France,R1,3
France,TD,2
Gabon,A2,5
Gabon,B1/B2,54
Gabon,B2,1
Gabon,F1,9
Gabon,F2,1
Gabon,G2,2
"Gambia, The",A2,4
"Gambia, The",B1/B2,74
"Gambia, The",C1,6
"Gambia, The",D,2
"Gambia, The",F1,1
"Gambia, The",F2,1
"Gambia, The",G2,3
"Gambia, The",G4,12
"Gambia, The",H1B,1
"Nonimmigrant Visa Issuances By NationalityOctober 2017 (FY 2018)",,
Nationality,Visa Class,Issuances
"Gambia, The",K1,4
Georgia,A1,1
Georgia,A2,26
Georgia,B1,2
Georgia,B1/B2,512
Georgia,C1/D,32
Georgia,C3,1
Georgia,F1,6
Georgia,F2,1
Georgia,G2,6
Georgia,G4,2
Georgia,H1B,3
Georgia,I,7
Georgia,J1,23
Georgia,J2,6
Georgia,K1,1
Georgia,P1,47
Georgia,P3,4
Germany,A1,4
Germany,A2,161
Germany,B1,40
Germany,B1/B2,"1,584"
Germany,B2,6
Germany,C1,1
Germany,C1/D,469
Germany,C3,1
Germany,CW1,1
Germany,E1,46
Germany,E2,229
Germany,F1,109
Germany,F2,3
Germany,G1,4
Germany,G2,18
Germany,G3,4
Germany,G4,47
Germany,H1B,60
Germany,H2B,3
Germany,H3,2
Germany,H4,8
Germany,I,83
Germany,J1,503
"Nonimmigrant Visa Issuances By NationalityOctober 2017 (FY 2018)",,
Nationality,Visa Class,Issuances
Germany,J2,31
Germany,K1,17
Germany,L1,220
Germany,L2,105
Germany,M1,20
Germany,M2,1
Germany,NATO2,20
Germany,NATO5,1
Germany,NATO6,39
Germany,O1,45
Germany,O2,37
Germany,O3,10
Germany,P1,37
Germany,P3,23
Germany,Q1,3
Germany,R1,2
Germany,R2,4
Germany,TD,4
Ghana,A1,1
Ghana,A2,30
Ghana,B1,2
Ghana,B1/B2,"1,079"
Ghana,C1,1
Ghana,C1/D,16
Ghana,C3,1
Ghana,F1,24
Ghana,F2,8
Ghana,G2,11
Ghana,G4,26
Ghana,H1B,7
Ghana,I,4
Ghana,J1,14
Ghana,J2,2
Ghana,K1,27
Ghana,K2,2
Ghana,L1,2
Ghana,L2,5
Ghana,O1,1
Ghana,P1,2
Ghana,P3,7
Ghana,R1,12
"Nonimmigrant Visa Issuances By NationalityOctober 2017 (FY 2018)",,
Nationality,Visa Class,Issuances
Ghana,R2,3
Gibraltar,I,1
Great Britain & Northern Ireland,A1,8
Great Britain & Northern Ireland,A2,333
Great Britain & Northern Ireland,B1,166
Great Britain & Northern Ireland,B1/B2,"2,325"
Great Britain & Northern Ireland,B2,23
Great Britain & Northern Ireland,C1,2
Great Britain & Northern Ireland,C1/D,799
Great Britain & Northern Ireland,C3,19
Great Britain & Northern Ireland,E1,12
Great Britain & Northern Ireland,E2,224
Great Britain & Northern Ireland,E3D,7
Great Britain & Northern Ireland,F1,51
Great Britain & Northern Ireland,F2,3
Great Britain & Northern Ireland,G1,3
Great Britain & Northern Ireland,G2,13
Great Britain & Northern Ireland,G3,3
Great Britain & Northern Ireland,G4,71
Great Britain & Northern Ireland,H1B,102
Great Britain & Northern Ireland,H2A,1
Great Britain & Northern Ireland,H2B,96
Great Britain & Northern Ireland,H3,2
Great Britain & Northern Ireland,H4,60
Great Britain & Northern Ireland,I,120
Great Britain & Northern Ireland,J1,181
Great Britain & Northern Ireland,J2,18
Great Britain & Northern Ireland,K1,70
Great Britain & Northern Ireland,K2,2
Great Britain & Northern Ireland,L1,414
Great Britain & Northern Ireland,L2,313
Great Britain & Northern Ireland,M1,12
Great Britain & Northern Ireland,NATO2,50
Great Britain & Northern Ireland,NATO4,2
Great Britain & Northern Ireland,NATO6,1
Great Britain & Northern Ireland,O1,235
Great Britain & Northern Ireland,O2,189
Great Britain & Northern Ireland,O3,36
Great Britain & Northern Ireland,P1,92
Great Britain & Northern Ireland,P2,6
Great Britain & Northern Ireland,P3,18
"Nonimmigrant Visa Issuances By NationalityOctober 2017 (FY 2018)",,
Nationality,Visa Class,Issuances
Great Britain & Northern Ireland,P4,4
Great Britain & Northern Ireland,Q1,1
Great Britain & Northern Ireland,R1,11
Great Britain & Northern Ireland,R2,4
Great Britain & Northern Ireland,TD,2
Greece,A1,1
Greece,A2,26
Greece,B1,11
Greece,B1/B2,173
Greece,C1/D,184
Greece,E1,1
Greece,F1,18
Greece,G1,2
Greece,G2,3
Greece,G4,4
Greece,H1B,17
Greece,H2B,4
Greece,H4,4
Greece,I,14
Greece,J1,29
Greece,J2,5
Greece,K1,2
Greece,L1,8
Greece,L2,6
Greece,M1,1
Greece,NATO2,14
Greece,NATO6,2
Greece,O1,8
Greece,O2,6
Greece,O3,2
Greece,P1,1
Greece,P3,25
Greece,R1,5
Greece,R2,1
Grenada,A1,3
Grenada,A2,2
Grenada,B1/B2,150
Grenada,B2,16
Grenada,C1/D,1
Grenada,F1,1
Grenada,J1,5
"Nonimmigrant Visa Issuances By NationalityOctober 2017 (FY 2018)",,
Nationality,Visa Class,Issuances
Grenada,K1,1
Guatemala,A1,2
Guatemala,A2,67
Guatemala,B1,9
Guatemala,B1/B2,"4,087"
Guatemala,C1/D,6
Guatemala,C3,9
Guatemala,F1,10
Guatemala,G2,2
Guatemala,G4,8
Guatemala,G5,1
Guatemala,H1B,4
Guatemala,H2A,14
Guatemala,H2B,700
Guatemala,I,1
Guatemala,J1,13
Guatemala,J2,2
Guatemala,K1,15
Guatemala,K2,5
Guatemala,L1,2
Guatemala,L2,3
Guatemala,O1,3
Guatemala,O3,1
Guatemala,T4,1
Guatemala,U2,1
Guatemala,U3,25
Guinea,A1,5
Guinea,A2,4
Guinea,B1/B2,104
Guinea,F1,2
Guinea,G1,1
Guinea,G2,6
Guinea,G4,3
Guinea,K1,2
Guinea,P1,1
Guinea,P3,1
Guinea-Bissau,A2,1
Guinea-Bissau,B1/B2,6
Guinea-Bissau,F1,1
Guinea-Bissau,G2,11
Guinea-Bissau,G4,2
"Nonimmigrant Visa Issuances By NationalityOctober 2017 (FY 2018)",,
Nationality,Visa Class,Issuances
Guyana,A2,6
Guyana,B1,5
Guyana,B1/B2,289
Guyana,C1,7
Guyana,C1/D,18
Guyana,C3,9
Guyana,F1,3
Guyana,G2,1
Guyana,G4,2
Guyana,I,1
Guyana,J1,1
Guyana,K1,1
Haiti,A1,1
Haiti,A2,37
Haiti,B1,1
Haiti,B1/B2,"1,823"
Haiti,B2,2
Haiti,C1,4
Haiti,C1/D,6
Haiti,C3,20
Haiti,F1,8
Haiti,G1,2
Haiti,G2,7
Haiti,G4,2
Haiti,H4,1
Haiti,I,4
Haiti,J1,3
Haiti,J2,2
Haiti,K1,73
Haiti,K2,18
Haiti,L1,1
Haiti,P3,36
Haiti,R1,4
Haiti,R2,1
Honduras,A2,23
Honduras,B1,4
Honduras,B1/B2,"3,393"
Honduras,B2,6
Honduras,C1,7
Honduras,C1/D,74
Honduras,F1,25
"Nonimmigrant Visa Issuances By NationalityOctober 2017 (FY 2018)",,
Nationality,Visa Class,Issuances
Honduras,G4,5
Honduras,G5,1
Honduras,H1B,3
Honduras,H2A,1
Honduras,H2B,154
Honduras,I,3
Honduras,J1,6
Honduras,J2,1
Honduras,K1,18
Honduras,K2,5
Honduras,L1,4
Honduras,L2,1
Honduras,P1,16
Honduras,P4,1
Honduras,R1,3
Honduras,R2,3
Honduras,T3,2
Honduras,T4,1
Honduras,T5,3
Honduras,TD,1
Honduras,U3,8
Hong Kong S. A. R.,A2,1
Hong Kong S. A. R.,B1,10
Hong Kong S. A. R.,B1/B2,"3,748"
Hong Kong S. A. R.,B2,1
Hong Kong S. A. R.,C1/D,217
Hong Kong S. A. R.,CW1,4
Hong Kong S. A. R.,E2,1
Hong Kong S. A. R.,F1,42
Hong Kong S. A. R.,F2,1
Hong Kong S. A. R.,G4,1
Hong Kong S. A. R.,H1B,25
Hong Kong S. A. R.,H4,6
Hong Kong S. A. R.,I,3
Hong Kong S. A. R.,J1,20
Hong Kong S. A. R.,J2,3
Hong Kong S. A. R.,K1,1
Hong Kong S. A. R.,L1,6
Hong Kong S. A. R.,L2,9
Hong Kong S. A. R.,M1,2
Hong Kong S. A. R.,O1,3
"Nonimmigrant Visa Issuances By NationalityOctober 2017 (FY 2018)",,
Nationality,Visa Class,Issuances
Hong Kong S. A. R.,O2,29
Hong Kong S. A. R.,R1,3
Hungary,A1,8
Hungary,A2,35
Hungary,B1/B2,78
Hungary,C1/D,30
Hungary,CW1,1
Hungary,F1,10
Hungary,G2,14
Hungary,G3,2
Hungary,G4,5
Hungary,H1B,6
Hungary,H2B,11
Hungary,H4,3
Hungary,I,4
Hungary,J1,24
Hungary,J2,6
Hungary,K1,2
Hungary,L1,11
Hungary,L2,2
Hungary,NATO2,8
Hungary,O1,4
Hungary,O2,1
Hungary,O3,3
Hungary,P1,5
Hungary,R1,1
Iceland,B1,1
Iceland,B1/B2,26
Iceland,C1/D,8
Iceland,F1,3
Iceland,F2,2
Iceland,G2,4
Iceland,H1B,3
Iceland,J1,4
Iceland,J2,2
Iceland,L1,1
Iceland,L2,6
Iceland,M1,2
Iceland,O1,2
Iceland,O2,4
India,A1,16
"Nonimmigrant Visa Issuances By NationalityOctober 2017 (FY 2018)",,
Nationality,Visa Class,Issuances
India,A2,171
India,A3,1
India,B1,59
India,B1/B2,"38,313"
India,B2,297
India,C1,96
India,C1/D,"3,139"
India,C3,19
India,CW1,4
India,CW2,1
India,E2,2
India,E3D,13
India,F1,437
India,F2,160
India,G1,1
India,G2,33
India,G4,138
India,G5,2
India,H1B,"9,022"
India,H3,18
India,H4,"6,818"
India,I,14
India,J1,488
India,J2,136
India,K1,51
India,K2,1
India,L1,"1,563"
India,L2,"1,625"
India,M1,48
India,O1,30
India,O3,14
India,P1,1
India,P3,113
India,P4,1
India,Q1,1
India,R1,47
India,R2,9
India,TD,2
India,U1,1
India,U2,1
India,U3,1
"Nonimmigrant Visa Issuances By NationalityOctober 2017 (FY 2018)",,
Nationality,Visa Class,Issuances
Indonesia,A1,20
Indonesia,A2,280
Indonesia,B1,85
Indonesia,B1/B2,"4,431"
Indonesia,B2,1
Indonesia,C1,9
Indonesia,C1/D,"1,213"
Indonesia,C3,10
Indonesia,E2,1
Indonesia,F1,56
Indonesia,F2,9
Indonesia,G1,20
Indonesia,G2,74
Indonesia,G4,15
Indonesia,G5,1
Indonesia,H1B,18
Indonesia,I,18
Indonesia,J1,49
Indonesia,J2,7
Indonesia,K1,17
Indonesia,K2,6
Indonesia,L1,15
Indonesia,L2,13
Indonesia,M1,9
Indonesia,O1,1
Indonesia,O2,3
Indonesia,O3,1
Iran,B1,1
Iran,B1/B2,"1,546"
Iran,B2,22
Iran,F1,74
Iran,F2,34
Iran,G1,3
Iran,G2,22
Iran,G4,17
Iran,H1B,5
Iran,H4,4
Iran,J1,26
Iran,J2,19
Iran,K1,23
Iran,K2,2
"Nonimmigrant Visa Issuances By NationalityOctober 2017 (FY 2018)",,
Nationality,Visa Class,Issuances
Iran,L1,2
Iran,L2,3
Iran,M1,1
Iran,O1,2
Iran,O3,1
Iran,P2,1
Iran,P3,9
Iran,TD,1
Iraq,A1,4
Iraq,A2,33
Iraq,B1,1
Iraq,B1/B2,742
Iraq,B2,6
Iraq,F1,9
Iraq,G2,9
Iraq,G4,3
Iraq,H1B,4
Iraq,J1,17
Iraq,J2,8
Iraq,K1,19
Iraq,L1,1
Iraq,L2,3
Iraq,O1,1
Iraq,P3,2
Ireland,A1,2
Ireland,A2,17
Ireland,B1,7
Ireland,B1/B2,193
Ireland,B2,1
Ireland,C1,1
Ireland,C1/D,78
Ireland,C3,1
Ireland,D,1
Ireland,E1,4
Ireland,E2,37
Ireland,E3D,1
Ireland,F1,9
Ireland,G2,4
Ireland,G3,1
Ireland,G4,8
Ireland,H1B,34
"Nonimmigrant Visa Issuances By NationalityOctober 2017 (FY 2018)",,
Nationality,Visa Class,Issuances
Ireland,H2B,139
Ireland,H4,9
Ireland,I,19
Ireland,J1,242
Ireland,J2,2
Ireland,K1,6
Ireland,L1,67
Ireland,L2,30
Ireland,M1,1
Ireland,O1,26
Ireland,O2,9
Ireland,O3,4
Ireland,P1,18
Ireland,P3,24
Ireland,R1,3
Israel,A1,1
Israel,A2,317
Israel,B1,3
Israel,B1/B2,"10,931"
Israel,B2,39
Israel,C1/D,73
Israel,E1,23
Israel,E2,3
Israel,F1,20
Israel,F2,3
Israel,G4,6
Israel,H1B,32
Israel,H3,1
Israel,H4,15
Israel,I,7
Israel,J1,71
Israel,J2,57
Israel,K1,6
Israel,L1,68
Israel,L2,76
Israel,M1,2
Israel,O1,26
Israel,O2,1
Israel,O3,5
Israel,P1,75
Israel,R1,4
"Nonimmigrant Visa Issuances By NationalityOctober 2017 (FY 2018)",,
Nationality,Visa Class,Issuances
Israel,R2,5
Italy,A1,12
Italy,A2,41
Italy,B1,37
Italy,B1/B2,737
Italy,C1,2
Italy,C1/D,247
Italy,E1,29
Italy,E2,183
Italy,F1,87
Italy,F2,8
Italy,G1,4
Italy,G2,15
Italy,G3,7
Italy,G4,43
Italy,H1B,57
Italy,H2B,8
Italy,H3,1
Italy,H4,11
Italy,I,20
Italy,J1,310
Italy,J2,32
Italy,K1,11
Italy,L1,118
Italy,L2,55
Italy,M1,9
Italy,NATO2,36
Italy,NATO4,1
Italy,NATO6,1
Italy,O1,61
Italy,O2,20
Italy,O3,6
Italy,P1,35
Italy,P4,3
Italy,Q1,28
Italy,R1,4
Italy,R2,1
Jamaica,A2,9
Jamaica,B1,21
Jamaica,B1/B2,"2,972"
Jamaica,C1,1
"Nonimmigrant Visa Issuances By NationalityOctober 2017 (FY 2018)",,
Nationality,Visa Class,Issuances
Jamaica,C1/D,95
Jamaica,C3,14
Jamaica,E2,1
Jamaica,F1,15
Jamaica,F2,3
Jamaica,G2,4
Jamaica,G4,1
Jamaica,H1B,9
Jamaica,H2A,149
Jamaica,H2B,415
Jamaica,H4,4
Jamaica,J1,16
Jamaica,J2,27
Jamaica,K1,23
Jamaica,K2,10
Jamaica,L1,1
Jamaica,M1,1
Jamaica,M2,2
Jamaica,O1,5
Jamaica,O2,35
Jamaica,P1,2
Jamaica,P3,4
Jamaica,R1,2
Jamaica,R2,1
Jamaica,U3,4
Japan,A1,4
Japan,A2,"1,052"
Japan,B1,1
Japan,B1/B2,447
Japan,B2,1
Japan,C1,4
Japan,C1/D,328
Japan,C3,38
Japan,CW1,8
Japan,CW2,3
Japan,E1,91
Japan,E2,860
Japan,E2C,1
Japan,E3D,1
Japan,F1,246
Japan,F2,12
"Nonimmigrant Visa Issuances By NationalityOctober 2017 (FY 2018)",,
Nationality,Visa Class,Issuances
Japan,G1,4
Japan,G2,15
Japan,G4,30
Japan,H1B,58
Japan,H3,1
Japan,H4,56
Japan,I,91
Japan,J1,253
Japan,J2,131
Japan,K1,23
Japan,K2,4
Japan,L1,301
Japan,L2,303
Japan,M1,12
Japan,O1,42
Japan,O2,7
Japan,O3,8
Japan,P1,39
Japan,P3,32
Japan,P4,3
Japan,R1,9
Japan,R2,4
Japan,TD,3
Jordan,A1,4
Jordan,A2,240
Jordan,B1,2
Jordan,B1/B2,"2,213"
Jordan,B2,16
Jordan,C1,2
Jordan,C1/D,33
Jordan,C3,9
Jordan,E2,6
Jordan,F1,69
Jordan,F2,5
Jordan,G2,2
Jordan,G4,13
Jordan,H1B,4
Jordan,H4,2
Jordan,I,2
Jordan,J1,17
Jordan,J2,5
"Nonimmigrant Visa Issuances By NationalityOctober 2017 (FY 2018)",,
Nationality,Visa Class,Issuances
Jordan,K1,7
Jordan,L1,3
Jordan,L2,2
Jordan,M1,2
Jordan,O1,1
Jordan,P1,1
Kazakhstan,A1,4
Kazakhstan,A2,23
Kazakhstan,B1,3
Kazakhstan,B1/B2,"1,137"
Kazakhstan,B2,3
Kazakhstan,C1,6
Kazakhstan,D,13
Kazakhstan,E2,5
Kazakhstan,F1,39
Kazakhstan,F2,4
Kazakhstan,G1,3
Kazakhstan,G2,14
Kazakhstan,G4,2
Kazakhstan,H1B,5
Kazakhstan,H4,3
Kazakhstan,I,10
Kazakhstan,J1,36
Kazakhstan,J2,1
Kazakhstan,K1,2
Kazakhstan,L1,4
Kazakhstan,L2,6
Kazakhstan,M1,1
Kazakhstan,O1,1
Kazakhstan,O3,3
Kazakhstan,P1,7
Kazakhstan,P3,3
Kazakhstan,P4,3
Kazakhstan,R1,3
Kenya,A1,3
Kenya,A2,44
Kenya,A3,1
Kenya,B1/B2,"1,369"
Kenya,B2,2
Kenya,C1,11
Kenya,C1/D,48
"Nonimmigrant Visa Issuances By NationalityOctober 2017 (FY 2018)",,
Nationality,Visa Class,Issuances
Kenya,F1,12
Kenya,G1,2
Kenya,G2,4
Kenya,G4,44
Kenya,H1B,6
Kenya,H4,1
Kenya,I,2
Kenya,J1,26
Kenya,J2,1
Kenya,K1,8
Kenya,K2,1
Kenya,L1,3
Kenya,L2,1
Kenya,P1,2
Kenya,R1,7
Kenya,R2,1
Kiribati,B1/B2,3
Kiribati,C1,2
Kiribati,C1/D,15
Kiribati,J1,1
Kiribati,R1,2
"Korea, North",G3,3
"Korea, South",A1,3
"Korea, South",A2,142
"Korea, South",B1,1
"Korea, South",B1/B2,894
"Korea, South",C1/D,305
"Korea, South",C3,4
"Korea, South",CW1,31
"Korea, South",CW2,5
"Korea, South",E1,15
"Korea, South",E2,150
"Korea, South",E2C,1
"Korea, South",F1,345
"Korea, South",F2,69
"Korea, South",G1,3
"Korea, South",G2,1
"Korea, South",G4,12
"Korea, South",H1B,131
"Korea, South",H2B,1
"Korea, South",H3,1
"Nonimmigrant Visa Issuances By NationalityOctober 2017 (FY 2018)",,
Nationality,Visa Class,Issuances
"Korea, South",H4,42
"Korea, South",I,15
"Korea, South",J1,315
"Korea, South",J2,133
"Korea, South",K1,23
"Korea, South",K2,2
"Korea, South",L1,111
"Korea, South",L2,116
"Korea, South",M1,21
"Korea, South",M2,3
"Korea, South",O1,30
"Korea, South",O3,9
"Korea, South",P1,43
"Korea, South",P3,69
"Korea, South",R1,11
"Korea, South",R2,2
"Korea, South",TD,1
Kosovo,A2,35
Kosovo,B1/B2,382
Kosovo,C1/D,1
Kosovo,F1,4
Kosovo,G2,1
Kosovo,G4,4
Kosovo,H1B,1
Kosovo,H4,2
Kosovo,I,2
Kosovo,J1,7
Kosovo,J2,1
Kosovo,K1,4
Kosovo,K2,1
Kosovo,P3,1
Kuwait,A1,4
Kuwait,A2,47
Kuwait,B1/B2,952
Kuwait,C1/D,9
Kuwait,F1,76
Kuwait,F2,8
Kuwait,G1,9
Kuwait,G2,3
Kuwait,G4,1
Kuwait,H1B,1
"Nonimmigrant Visa Issuances By NationalityOctober 2017 (FY 2018)",,
Nationality,Visa Class,Issuances
Kuwait,J1,5
Kuwait,M1,1
Kuwait,O1,1
Kyrgyzstan,A1,1
Kyrgyzstan,A2,5
Kyrgyzstan,B1,2
Kyrgyzstan,B1/B2,173
Kyrgyzstan,B2,1
Kyrgyzstan,C1,12
Kyrgyzstan,D,20
Kyrgyzstan,F1,1
Kyrgyzstan,G2,6
Kyrgyzstan,G4,10
Kyrgyzstan,H1B,1
Kyrgyzstan,J1,6
Kyrgyzstan,J2,2
Kyrgyzstan,K1,5
Kyrgyzstan,K2,1
Kyrgyzstan,L1,1
Laos,A1,4
Laos,A2,15
Laos,B1,1
Laos,B1/B2,107
Laos,F1,4
Laos,G1,2
Laos,G2,6
Laos,G4,4
Laos,J2,1
Laos,K1,28
Laos,K2,4
Laos,R1,1
Latvia,A1,1
Latvia,A2,19
Latvia,B1/B2,21
Latvia,B2,1
Latvia,C1/D,74
Latvia,F1,3
Latvia,G2,3
Latvia,H1B,1
Latvia,H2B,1
Latvia,J1,8
"Nonimmigrant Visa Issuances By NationalityOctober 2017 (FY 2018)",,
Nationality,Visa Class,Issuances
Latvia,J2,1
Latvia,K1,1
Latvia,L1,3
Latvia,L2,5
Latvia,O1,1
Latvia,O3,1
Latvia,P1,2
Latvia,P3,4
Lebanon,A1,1
Lebanon,A2,27
Lebanon,B1,1
Lebanon,B1/B2,"1,578"
Lebanon,B2,21
Lebanon,C1/D,8
Lebanon,F1,14
Lebanon,G4,5
Lebanon,H1B,9
Lebanon,H4,2
Lebanon,I,5
Lebanon,J1,19
Lebanon,J2,1
Lebanon,K1,12
Lebanon,L1,4
Lebanon,L2,2
Lebanon,M1,1
Lebanon,O1,2
Lebanon,O2,3
Lebanon,P3,13
Lesotho,A1,1
Lesotho,B1/B2,26
Lesotho,C1/D,1
Lesotho,C3,1
Lesotho,G2,1
Liberia,A1,11
Liberia,A2,9
Liberia,B1/B2,189
Liberia,E2,2
Liberia,F1,3
Liberia,G2,3
Liberia,G4,4
Liberia,K1,11
"Nonimmigrant Visa Issuances By NationalityOctober 2017 (FY 2018)",,
Nationality,Visa Class,Issuances
Liberia,K2,2
Libya,A1,10
Libya,A2,5
Libya,B1/B2,64
Libya,B2,1
Libya,F1,6
Libya,F2,4
Libya,G1,13
Libya,G2,5
Libya,G4,3
Libya,H1B,1
Libya,H4,1
Libya,J1,2
Libya,K1,2
Liechtenstein,B1/B2,1
Liechtenstein,O1,1
Lithuania,A1,1
Lithuania,A2,14
Lithuania,B1/B2,48
Lithuania,B2,1
Lithuania,C1/D,42
Lithuania,E2,2
Lithuania,F1,7
Lithuania,G2,1
Lithuania,G4,1
Lithuania,H1B,3
Lithuania,H3,1
Lithuania,I,3
Lithuania,J1,5
Lithuania,K1,3
Lithuania,L1,11
Lithuania,L2,7
Lithuania,NATO2,2
Lithuania,O1,2
Luxembourg,A1,2
Luxembourg,A2,7
Luxembourg,B1/B2,10
Luxembourg,C1/D,1
Luxembourg,F1,1
Luxembourg,G4,4
Luxembourg,H1B,1
"Nonimmigrant Visa Issuances By NationalityOctober 2017 (FY 2018)",,
Nationality,Visa Class,Issuances
Luxembourg,H4,1
Luxembourg,I,2
Luxembourg,J1,1
Macau S. A. R.,B1/B2,272
Macau S. A. R.,CW1,5
Macau S. A. R.,F1,2
Macau S. A. R.,H4,1
Macedonia,A1,2
Macedonia,A2,18
Macedonia,B1/B2,397
Macedonia,C1/D,34
Macedonia,E2,1
Macedonia,F1,1
Macedonia,G2,6
Macedonia,G4,1
Macedonia,H1B,1
Macedonia,J1,26
Macedonia,K1,1
Macedonia,O3,2
Macedonia,P3,13
Macedonia,Q1,5
Madagascar,A1,3
Madagascar,A2,6
Madagascar,B1/B2,72
Madagascar,C1,3
Madagascar,D,29
Madagascar,F1,1
Madagascar,F2,1
Madagascar,G2,5
Madagascar,G4,15
Madagascar,J1,2
Malawi,A1,1
Malawi,A2,7
Malawi,B1/B2,100
Malawi,B2,1
Malawi,C1,5
Malawi,F1,3
Malawi,G2,6
Malawi,G4,8
Malawi,J1,2
Malawi,J2,2
"Nonimmigrant Visa Issuances By NationalityOctober 2017 (FY 2018)",,
Nationality,Visa Class,Issuances
Malawi,M1,1
Malaysia,A1,11
Malaysia,A2,51
Malaysia,B1,67
Malaysia,B1/B2,"2,772"
Malaysia,B2,1
Malaysia,C1,4
Malaysia,C1/D,170
Malaysia,C3,3
Malaysia,CW1,5
Malaysia,E3D,2
Malaysia,F1,63
Malaysia,G2,4
Malaysia,G4,6
Malaysia,H1B,22
Malaysia,H3,1
Malaysia,H4,5
Malaysia,I,3
Malaysia,J1,155
Malaysia,J2,2
Malaysia,K1,2
Malaysia,K2,4
Malaysia,L1,42
Malaysia,L2,18
Malaysia,M1,2
Malaysia,O1,5
Malaysia,O3,1
Malaysia,P1,2
Malaysia,R1,3
Maldives,A2,2
Maldives,B1/B2,20
Maldives,C1/D,1
Maldives,G1,1
Maldives,G2,4
Maldives,G4,1
Mali,A2,13
Mali,B1/B2,115
Mali,F1,5
Mali,G2,1
Mali,G4,5
Mali,J1,11
"Nonimmigrant Visa Issuances By NationalityOctober 2017 (FY 2018)",,
Nationality,Visa Class,Issuances
Mali,K1,2
Mali,K3,1
Mali,L1,1
Mali,O2,3
Mali,P1,6
Malta,A2,2
Malta,B1/B2,10
Malta,C1/D,3
Malta,J1,2
Malta,L1,3
Malta,L2,2
Malta,M1,1
Malta,O1,2
Malta,P1,1
"Marshall Islands, Republic of the",B1/B2,2
"Marshall Islands, Republic of the",B2,1
Mauritania,A2,11
Mauritania,A3,1
Mauritania,B1/B2,31
Mauritania,F1,5
Mauritania,G2,1
Mauritania,J1,1
Mauritania,J2,2
Mauritius,A2,6
Mauritius,B1/B2,123
Mauritius,C1,1
Mauritius,C1/D,100
Mauritius,E3D,1
Mauritius,F1,2
Mauritius,G4,7
Mauritius,J1,3
Mexico,A1,83
Mexico,A2,331
Mexico,A3,3
Mexico,B1,276
Mexico,B1/B2,"1,207"
Mexico,B2,17
Mexico,BBBCC,"82,721"
Mexico,BBBCV,"3,834"
Mexico,C1,8
Mexico,C1/D,355
"Nonimmigrant Visa Issuances By NationalityOctober 2017 (FY 2018)",,
Nationality,Visa Class,Issuances
Mexico,C3,1
Mexico,D,1
Mexico,E1,93
Mexico,E2,150
Mexico,F1,176
Mexico,F2,9
Mexico,G1,20
Mexico,G2,2
Mexico,G4,71
Mexico,H1B,318
Mexico,H2A,"5,268"
Mexico,H2B,"3,244"
Mexico,H3,37
Mexico,H4,220
Mexico,I,61
Mexico,J1,221
Mexico,J2,24
Mexico,K1,112
Mexico,K2,27
Mexico,L1,347
Mexico,L2,318
Mexico,M1,20
Mexico,M2,2
Mexico,O1,42
Mexico,O2,50
Mexico,O3,11
Mexico,P1,314
Mexico,P3,9
Mexico,P4,8
Mexico,Q1,6
Mexico,R1,37
Mexico,R2,2
Mexico,T3,1
Mexico,T4,1
Mexico,TD,601
Mexico,TN,"1,308"
Mexico,U1,7
Mexico,U2,5
Mexico,U3,38
Mexico,U4,3
Mexico,U5,1
"Nonimmigrant Visa Issuances By NationalityOctober 2017 (FY 2018)",,
Nationality,Visa Class,Issuances
Moldova,A2,10
Moldova,B1,3
Moldova,B1/B2,182
Moldova,C1/D,5
Moldova,G2,1
Moldova,G4,1
Moldova,H1B,1
Moldova,J1,11
Moldova,K1,4
Moldova,K2,2
Moldova,L2,2
Moldova,O1,1
Moldova,P1,3
Moldova,P3,2
Monaco,A2,3
Mongolia,A1,1
Mongolia,A2,7
Mongolia,B1/B2,555
Mongolia,C1,8
Mongolia,D,2
Mongolia,E2,1
Mongolia,F1,21
Mongolia,F2,10
Mongolia,G1,2
Mongolia,G2,12
Mongolia,G4,1
Mongolia,G5,1
Mongolia,H1B,5
Mongolia,H4,3
Mongolia,J1,2
Mongolia,R1,2
Montenegro,A2,19
Montenegro,B1,3
Montenegro,B1/B2,295
Montenegro,C1/D,127
Montenegro,F1,2
Montenegro,G1,1
Montenegro,I,1
Montenegro,J1,2
Montenegro,O1,1
Morocco,A1,5
"Nonimmigrant Visa Issuances By NationalityOctober 2017 (FY 2018)",,
Nationality,Visa Class,Issuances
Morocco,A2,105
Morocco,B1/B2,918
Morocco,B2,2
Morocco,C1/D,27
Morocco,F1,9
Morocco,G1,4
Morocco,G2,21
Morocco,G4,12
Morocco,G5,1
Morocco,H1B,3
Morocco,H4,1
Morocco,I,2
Morocco,J1,30
Morocco,J2,1
Morocco,K1,7
Morocco,L1,2
Morocco,L2,1
Morocco,O1,1
Mozambique,A1,8
Mozambique,A2,23
Mozambique,B1,2
Mozambique,B1/B2,85
Mozambique,F1,1
Mozambique,G2,2
Mozambique,G4,5
Mozambique,I,3
Mozambique,J1,1
Mozambique,K1,1
Mozambique,L1,1
Mozambique,P1,1
Namibia,A2,4
Namibia,B1,1
Namibia,B1/B2,93
Namibia,C1,5
Namibia,C1/D,2
Namibia,C3,1
Namibia,F1,1
Namibia,G1,1
Namibia,G4,4
Namibia,J1,1
Nauru,B1/B2,2
"Nonimmigrant Visa Issuances By NationalityOctober 2017 (FY 2018)",,
Nationality,Visa Class,Issuances
Nepal,A2,30
Nepal,B1,2
Nepal,B1/B2,"1,263"
Nepal,B2,2
Nepal,C1,2
Nepal,C1/D,12
Nepal,C3,2
Nepal,CW1,4
Nepal,F1,52
Nepal,F2,30
Nepal,G2,1
Nepal,G4,16
Nepal,H1B,47
Nepal,H3,1
Nepal,H4,15
Nepal,I,2
Nepal,J1,7
Nepal,J2,7
Nepal,K1,1
Nepal,L1,4
Nepal,L2,4
Nepal,M1,1
Nepal,O1,1
Netherlands,A1,3
Netherlands,A2,40
Netherlands,B1,89
Netherlands,B1/B2,627
Netherlands,B2,4
Netherlands,C1/D,314
Netherlands,C3,1
Netherlands,E2,13
Netherlands,F1,25
Netherlands,G1,1
Netherlands,G2,15
Netherlands,G3,1
Netherlands,G4,13
Netherlands,H1B,19
Netherlands,H2B,2
Netherlands,H3,1
Netherlands,H4,6
Netherlands,I,20
"Nonimmigrant Visa Issuances By NationalityOctober 2017 (FY 2018)",,
Nationality,Visa Class,Issuances
Netherlands,J1,122
Netherlands,J2,15
Netherlands,K1,5
Netherlands,L1,71
Netherlands,L2,45
Netherlands,M1,5
Netherlands,NATO2,13
Netherlands,NATO4,1
Netherlands,O1,21
Netherlands,O2,40
Netherlands,P1,51
Netherlands,P4,1
Netherlands,TD,1
New Zealand,A1,2
New Zealand,A2,92
New Zealand,B1,7
New Zealand,B1/B2,183
New Zealand,B2,4
New Zealand,C1,2
New Zealand,C1/D,63
New Zealand,C3,75
New Zealand,E3D,4
New Zealand,F1,9
New Zealand,G2,6
New Zealand,G4,2
New Zealand,H1B,8
New Zealand,H2A,1
New Zealand,H2B,4
New Zealand,H4,2
New Zealand,I,3
New Zealand,J1,64
New Zealand,J2,5
New Zealand,K1,3
New Zealand,L1,13
New Zealand,L2,10
New Zealand,O1,19
New Zealand,O2,10
New Zealand,P1,2
New Zealand,P3,1
New Zealand,R1,5
Nicaragua,A2,9
"Nonimmigrant Visa Issuances By NationalityOctober 2017 (FY 2018)",,
Nationality,Visa Class,Issuances
Nicaragua,B1,29
Nicaragua,B1/B2,"1,224"
Nicaragua,B2,155
Nicaragua,C1,28
Nicaragua,C1/D,53
Nicaragua,C3,10
Nicaragua,F1,2
Nicaragua,G2,3
Nicaragua,G4,14
Nicaragua,H1B,2
Nicaragua,H2A,7
Nicaragua,H2B,5
Nicaragua,I,3
Nicaragua,J1,3
Nicaragua,J2,1
Nicaragua,K1,9
Nicaragua,L1,3
Nicaragua,L2,1
Nicaragua,P1,1
Nicaragua,R1,1
Nicaragua,R2,1
Nicaragua,U3,1
Niger,A1,4
Niger,A2,24
Niger,B1,1
Niger,B1/B2,92
Niger,F1,4
Niger,G1,4
Niger,G4,6
Niger,J1,2
Nigeria,A1,8
Nigeria,A2,70
Nigeria,B1,8
Nigeria,B1/B2,"11,392"
Nigeria,B2,3
Nigeria,C1,5
Nigeria,C1/D,5
Nigeria,C3,3
Nigeria,F1,125
Nigeria,F2,30
Nigeria,G1,3
"Nonimmigrant Visa Issuances By NationalityOctober 2017 (FY 2018)",,
Nationality,Visa Class,Issuances
Nigeria,G2,20
Nigeria,G4,18
Nigeria,H1B,34
Nigeria,H4,5
Nigeria,I,21
Nigeria,J1,33
Nigeria,J2,7
Nigeria,K1,51
Nigeria,K2,5
Nigeria,L1,5
Nigeria,L2,3
Nigeria,M1,9
Nigeria,O1,1
Nigeria,P3,19
Nigeria,P4,2
Nigeria,R1,11
Nigeria,T3,1
*Non-Nationality Based Issuances,B1/B2,153
*Non-Nationality Based Issuances,C1/D,35
*Non-Nationality Based Issuances,F1,4
*Non-Nationality Based Issuances,G1,1
*Non-Nationality Based Issuances,G4,6
*Non-Nationality Based Issuances,J1,1
*Non-Nationality Based Issuances,K1,4
Norway,A2,15
Norway,B1,17
Norway,B1/B2,196
Norway,B2,1
Norway,C1/D,60
Norway,E2,12
Norway,F1,7
Norway,G1,5
Norway,G2,3
Norway,G4,4
Norway,H4,1
Norway,I,4
Norway,J1,8
Norway,J2,8
Norway,K1,2
Norway,L1,4
Norway,L2,4
"Nonimmigrant Visa Issuances By NationalityOctober 2017 (FY 2018)",,
Nationality,Visa Class,Issuances
Norway,M1,1
Norway,NATO2,16
Norway,NATO4,2
Norway,NATO6,1
Norway,O1,4
Norway,O2,3
Norway,P1,5
Norway,Q1,8
Norway,R1,2
Norway,R2,2
Oman,A1,2
Oman,A2,71
Oman,B1,1
Oman,B1/B2,225
Oman,B2,65
Oman,C1/D,26
Oman,E2,1
Oman,F1,62
Oman,G2,1
Oman,J1,1
Oman,J2,1
Pakistan,A1,19
Pakistan,A2,92
Pakistan,A3,1
Pakistan,B1,5
Pakistan,B1/B2,"3,331"
Pakistan,B2,52
Pakistan,C1,2
Pakistan,C1/D,31
Pakistan,E2,4
Pakistan,E3D,2
Pakistan,F1,29
Pakistan,F2,10
Pakistan,G1,7
Pakistan,G2,2
Pakistan,G4,34
Pakistan,G5,1
Pakistan,H1B,23
Pakistan,H4,47
Pakistan,I,1
Pakistan,J1,88
"Nonimmigrant Visa Issuances By NationalityOctober 2017 (FY 2018)",,
Nationality,Visa Class,Issuances
Pakistan,J2,26
Pakistan,K1,23
Pakistan,L1,13
Pakistan,L2,19
Pakistan,M1,2
Pakistan,P3,8
Pakistan,TD,4
Palestinian Authority Travel Document,B1,14
Palestinian Authority Travel Document,B1/B2,513
Palestinian Authority Travel Document,B2,1
Palestinian Authority Travel Document,F1,10
Palestinian Authority Travel Document,F2,1
Palestinian Authority Travel Document,H1B,2
Palestinian Authority Travel Document,H4,1
Palestinian Authority Travel Document,I,3
Palestinian Authority Travel Document,J1,7
Palestinian Authority Travel Document,K1,8
Palestinian Authority Travel Document,L1,1
Palestinian Authority Travel Document,L2,1
Palestinian Authority Travel Document,P3,1
Panama,A1,1
Panama,A2,58
Panama,B1,8
Panama,B1/B2,"2,250"
Panama,B2,2
Panama,C1,3
Panama,C1/D,93
Panama,C3,4
Panama,E2,2
Panama,F1,53
Panama,G4,7
Panama,H1B,5
Panama,H2B,1
Panama,H3,1
Panama,H4,1
Panama,I,1
Panama,J1,52
Panama,L1,1
Panama,L2,9
Panama,M1,7
Panama,O3,2
"Nonimmigrant Visa Issuances By NationalityOctober 2017 (FY 2018)",,
Nationality,Visa Class,Issuances
Panama,P1,2
Panama,R1,1
Papua New Guinea,A1,7
Papua New Guinea,A2,5
Papua New Guinea,B1,1
Papua New Guinea,B1/B2,31
Papua New Guinea,C3,1
Papua New Guinea,G1,5
Papua New Guinea,G2,9
Paraguay,A2,61
Paraguay,B1,18
Paraguay,B1/B2,792
Paraguay,C1,1
Paraguay,C1/D,3
Paraguay,F1,6
Paraguay,G1,2
Paraguay,G2,7
Paraguay,G4,7
Paraguay,G5,2
Paraguay,J1,100
Paraguay,J2,2
Paraguay,K1,1
Paraguay,K2,1
Paraguay,M1,1
Paraguay,O3,1
Paraguay,TD,1
Peru,A1,10
Peru,A2,62
Peru,B1,87
Peru,B1/B2,"6,289"
Peru,C1,16
Peru,C1/D,135
Peru,C3,14
Peru,E2,2
Peru,F1,56
Peru,F2,1
Peru,G1,1
Peru,G4,24
Peru,G5,4
Peru,H1B,23
Peru,H2A,40
"Nonimmigrant Visa Issuances By NationalityOctober 2017 (FY 2018)",,
Nationality,Visa Class,Issuances
Peru,H2B,1
Peru,H4,5
Peru,I,3
Peru,J1,"2,297"
Peru,J2,1
Peru,K1,23
Peru,K2,2
Peru,L1,10
Peru,L2,9
Peru,O1,1
Peru,P1,1
Peru,R1,5
Peru,U3,3
Philippines,A1,3
Philippines,A2,237
Philippines,A3,10
Philippines,B1,618
Philippines,B1/B2,"7,734"
Philippines,B2,44
Philippines,C1,175
Philippines,C1/D,"6,962"
Philippines,C3,9
Philippines,CW1,243
Philippines,CW2,39
Philippines,D,1
Philippines,E2,3
Philippines,E3D,2
Philippines,F1,21
Philippines,F2,2
Philippines,G1,1
Philippines,G2,18
Philippines,G4,29
Philippines,G5,4
Philippines,H1B,118
Philippines,H2A,1
Philippines,H2B,36
Philippines,H4,49
Philippines,I,5
Philippines,J1,447
Philippines,J2,28
Philippines,K1,365
"Nonimmigrant Visa Issuances By NationalityOctober 2017 (FY 2018)",,
Nationality,Visa Class,Issuances
Philippines,K2,96
Philippines,L1,47
Philippines,L2,40
Philippines,M1,3
Philippines,O1,8
Philippines,O2,11
Philippines,O3,1
Philippines,P1,3
Philippines,R1,27
Philippines,R2,26
Philippines,T2,3
Philippines,T3,10
Philippines,T6,2
Philippines,TD,1
Poland,A1,2
Poland,A2,48
Poland,B1,69
Poland,B1/B2,"7,561"
Poland,B2,1
Poland,C1,1
Poland,C1/D,217
Poland,C3,3
Poland,E1,1
Poland,E2,12
Poland,F1,16
Poland,F2,1
Poland,G1,3
Poland,G2,6
Poland,G4,5
Poland,H1B,19
Poland,H2B,4
Poland,H4,3
Poland,I,20
Poland,J1,113
Poland,J2,9
Poland,K1,7
Poland,L1,42
Poland,L2,21
Poland,M1,1
Poland,NATO2,66
Poland,NATO4,1
"Nonimmigrant Visa Issuances By NationalityOctober 2017 (FY 2018)",,
Nationality,Visa Class,Issuances
Poland,NATO6,3
Poland,O1,15
Poland,O3,2
Poland,P1,47
Poland,P2,1
Poland,P3,33
Poland,TD,1
Portugal,A1,1
Portugal,A2,13
Portugal,B1,2
Portugal,B1/B2,169
Portugal,B2,1
Portugal,C1/D,133
Portugal,CW1,2
Portugal,E2,5
Portugal,F1,11
Portugal,F2,1
Portugal,G2,2
Portugal,G4,17
Portugal,H1B,14
Portugal,H2B,51
Portugal,H3,1
Portugal,H4,1
Portugal,I,5
Portugal,J1,25
Portugal,K1,2
Portugal,L1,24
Portugal,L2,7
Portugal,M1,2
Portugal,NATO4,1
Portugal,NATO6,1
Portugal,O1,5
Portugal,O2,5
Portugal,O3,3
Portugal,P1,6
Portugal,P3,4
Portugal,R1,1
Portugal,U1,1
Qatar,A1,4
Qatar,A2,70
Qatar,A3,1
"Nonimmigrant Visa Issuances By NationalityOctober 2017 (FY 2018)",,
Nationality,Visa Class,Issuances
Qatar,B1/B2,358
Qatar,C1/D,3
Qatar,F1,15
Qatar,F2,3
Qatar,G2,2
Qatar,J1,1
Qatar,J2,2
Qatar,M1,1
Republic of Palau,A2,1
Romania,A1,8
Romania,A2,16
Romania,B1,133
Romania,B1/B2,"2,897"
Romania,B2,4
Romania,C1,6
Romania,C1/D,434
Romania,E2,3
Romania,F1,7
Romania,G1,1
Romania,G2,11
Romania,G3,1
Romania,G4,10
Romania,H1B,12
Romania,H2A,2
Romania,H2B,115
Romania,H4,6
Romania,I,3
Romania,J1,17
Romania,J2,1
Romania,K1,9
Romania,L1,20
Romania,L2,20
Romania,NATO2,26
Romania,NATO4,2
Romania,O1,4
Romania,O3,1
Romania,P1,1
Romania,P3,34
Romania,R1,2
Russia,A1,10
Russia,A2,129
"Nonimmigrant Visa Issuances By NationalityOctober 2017 (FY 2018)",,
Nationality,Visa Class,Issuances
Russia,B1,26
Russia,B1/B2,"6,448"
Russia,B2,17
Russia,C1,8
Russia,C1/D,"1,052"
Russia,E1,3
Russia,E3D,1
Russia,F1,80
Russia,F2,6
Russia,G1,31
Russia,G2,15
Russia,G4,65
Russia,G5,1
Russia,H1B,41
Russia,H4,42
Russia,I,12
Russia,J1,120
Russia,J2,19
Russia,K1,21
Russia,K2,6
Russia,L1,84
Russia,L2,94
Russia,M1,3
Russia,O1,38
Russia,O3,13
Russia,P1,298
Russia,P3,22
Russia,P4,1
Russia,R1,6
Russia,U1,2
Rwanda,A2,15
Rwanda,B1/B2,138
Rwanda,C1,1
Rwanda,F1,7
Rwanda,F2,1
Rwanda,G2,1
Rwanda,G4,8
Rwanda,H1B,2
Rwanda,H4,1
Rwanda,J1,2
Rwanda,J2,1
"Nonimmigrant Visa Issuances By NationalityOctober 2017 (FY 2018)",,
Nationality,Visa Class,Issuances
Rwanda,K1,3
Rwanda,M1,2
Samoa,A1,2
Samoa,A2,2
Samoa,B1,1
Samoa,B1/B2,176
Samoa,C1/D,10
Samoa,C3,1
Samoa,J1,3
San Marino,B1/B2,1
Sao Tome and Principe,A2,3
Sao Tome and Principe,B1/B2,1
Saudi Arabia,A1,63
Saudi Arabia,A2,480
Saudi Arabia,A3,1
Saudi Arabia,B1/B2,"3,577"
Saudi Arabia,B2,2
Saudi Arabia,D,66
Saudi Arabia,F1,662
Saudi Arabia,F2,271
Saudi Arabia,G1,1
Saudi Arabia,G2,12
Saudi Arabia,G4,3
Saudi Arabia,H1B,5
Saudi Arabia,H3,3
Saudi Arabia,H4,3
Saudi Arabia,I,1
Saudi Arabia,J1,36
Saudi Arabia,J2,23
Saudi Arabia,K1,1
Saudi Arabia,L1,14
Saudi Arabia,L2,43
Saudi Arabia,M1,49
Saudi Arabia,M2,2
Senegal,A1,4
Senegal,A2,18
Senegal,B1/B2,258
Senegal,B2,2
Senegal,C1/D,1
Senegal,D,3
Senegal,F1,3
"Nonimmigrant Visa Issuances By NationalityOctober 2017 (FY 2018)",,
Nationality,Visa Class,Issuances
Senegal,G1,5
Senegal,G2,7
Senegal,G4,14
Senegal,G5,1
Senegal,J1,8
Senegal,K1,7
Senegal,L2,2
Senegal,O2,1
Serbia,A1,1
Serbia,A2,5
Serbia,B1,1
Serbia,B1/B2,889
Serbia,B2,2
Serbia,C1,2
Serbia,C1/D,210
Serbia,E2,2
Serbia,F1,13
Serbia,G2,1
Serbia,G4,1
Serbia,H1B,15
Serbia,H2B,1
Serbia,H4,1
Serbia,I,1
Serbia,J1,30
Serbia,J2,3
Serbia,K1,2
Serbia,K2,2
Serbia,L1,14
Serbia,L2,9
Serbia,O1,12
Serbia,O2,1
Serbia,O3,4
Serbia,P1,2
Serbia,P3,16
Seychelles,A2,7
Seychelles,B1/B2,9
Seychelles,C1/D,2
Seychelles,G2,2
Seychelles,G4,1
Seychelles,J1,1
Sierra Leone,A2,10
"Nonimmigrant Visa Issuances By NationalityOctober 2017 (FY 2018)",,
Nationality,Visa Class,Issuances
Sierra Leone,B1/B2,129
Sierra Leone,C1,2
Sierra Leone,C1/D,1
Sierra Leone,F1,2
Sierra Leone,F2,1
Sierra Leone,G1,2
Sierra Leone,G2,2
Sierra Leone,G4,5
Sierra Leone,J1,1
Sierra Leone,K1,4
Sierra Leone,K2,3
Singapore,A2,136
Singapore,B1,1
Singapore,B1/B2,60
Singapore,C1/D,158
Singapore,C3,2
Singapore,E2,9
Singapore,E3D,1
Singapore,F1,37
Singapore,G1,1
Singapore,G2,1
Singapore,G4,1
Singapore,H1B,24
Singapore,H1B1,56
Singapore,H4,24
Singapore,I,8
Singapore,J1,28
Singapore,K1,4
Singapore,K2,3
Singapore,L1,23
Singapore,L2,18
Singapore,M1,3
Singapore,O1,6
Singapore,O3,2
Singapore,TD,2
Slovakia,A1,1
Slovakia,A2,19
Slovakia,B1,1
Slovakia,B1/B2,54
Slovakia,C1/D,38
Slovakia,E2,1
"Nonimmigrant Visa Issuances By NationalityOctober 2017 (FY 2018)",,
Nationality,Visa Class,Issuances
Slovakia,F1,5
Slovakia,G2,4
Slovakia,G4,3
Slovakia,H1B,3
Slovakia,H2B,2
Slovakia,I,6
Slovakia,J1,13
Slovakia,J2,1
Slovakia,L1,15
Slovakia,L2,4
Slovakia,O1,2
Slovakia,P1,4
Slovenia,B1,3
Slovenia,B1/B2,23
Slovenia,C1/D,9
Slovenia,E2,1
Slovenia,G1,1
Slovenia,G2,1
Slovenia,G4,1
Slovenia,H1B,2
Slovenia,I,1
Slovenia,J1,8
Slovenia,L1,2
Slovenia,NATO2,5
Slovenia,O1,2
Slovenia,P1,2
Solomon Islands,A2,4
Solomon Islands,B1/B2,12
Solomon Islands,C1,2
Solomon Islands,C1/D,1
Solomon Islands,F1,2
Solomon Islands,G1,1
Solomon Islands,G2,1
Solomon Islands,J1,1
Somalia,B1/B2,8
Somalia,G2,4
Somalia,G4,2
Somalia,J1,1
Somalia,K1,5
Somalia,K2,3
South Africa,A1,8
"Nonimmigrant Visa Issuances By NationalityOctober 2017 (FY 2018)",,
Nationality,Visa Class,Issuances
South Africa,A2,37
South Africa,A3,2
South Africa,B1,39
South Africa,B1/B2,"4,332"
South Africa,B2,30
South Africa,C1,18
South Africa,C1/D,213
South Africa,C3,7
South Africa,E2,4
South Africa,E3D,2
South Africa,F1,28
South Africa,F2,2
South Africa,G2,16
South Africa,G4,16
South Africa,H1B,11
South Africa,H2A,11
South Africa,H2B,654
South Africa,H4,7
South Africa,I,2
South Africa,J1,237
South Africa,J2,7
South Africa,K1,14
South Africa,L1,54
South Africa,L2,47
South Africa,M1,2
South Africa,O1,10
South Africa,O2,6
South Africa,O3,4
South Africa,P1,4
South Africa,Q1,2
South Africa,R1,4
South Africa,R2,2
South Sudan,A1,4
South Sudan,A2,4
South Sudan,B1,1
South Sudan,B1/B2,15
South Sudan,F1,3
South Sudan,G1,1
South Sudan,G2,8
South Sudan,G4,1
South Sudan,J1,1
"Nonimmigrant Visa Issuances By NationalityOctober 2017 (FY 2018)",,
Nationality,Visa Class,Issuances
South Sudan,K1,1
South Sudan,O1,1
Spain,A1,1
Spain,A2,21
Spain,B1,42
Spain,B1/B2,475
Spain,C1/D,152
Spain,C3,2
Spain,E1,3
Spain,E2,63
Spain,E3D,1
Spain,F1,74
Spain,F2,4
Spain,G1,4
Spain,G2,6
Spain,G3,2
Spain,G4,36
Spain,H1B,56
Spain,H3,1
Spain,H4,9
Spain,I,20
Spain,J1,158
Spain,J2,26
Spain,K1,9
Spain,L1,92
Spain,L2,79
Spain,NATO2,5
Spain,NATO4,1
Spain,O1,47
Spain,O2,4
Spain,O3,4
Spain,P1,17
Spain,P3,6
Spain,P4,3
Spain,Q1,1
Spain,R1,4
Spain,R2,3
Spain,TD,1
Sri Lanka,A2,33
Sri Lanka,B1,7
Sri Lanka,B1/B2,734
"Nonimmigrant Visa Issuances By NationalityOctober 2017 (FY 2018)",,
Nationality,Visa Class,Issuances
Sri Lanka,B2,2
Sri Lanka,C1,54
Sri Lanka,C1/D,90
Sri Lanka,C3,3
Sri Lanka,CW2,1
Sri Lanka,E2,4
Sri Lanka,F1,10
Sri Lanka,F2,4
Sri Lanka,G1,6
Sri Lanka,G2,14
Sri Lanka,G4,5
Sri Lanka,H1B,9
Sri Lanka,H3,1
Sri Lanka,H4,1
Sri Lanka,I,6
Sri Lanka,J1,5
Sri Lanka,J2,7
Sri Lanka,L1,6
Sri Lanka,L2,13
Sri Lanka,M1,1
Sri Lanka,P3,2
Sri Lanka,R1,1
St Lucia,A1,2
St Lucia,A2,1
St Lucia,B1/B2,226
St Lucia,B2,27
St Lucia,C1/D,17
St Lucia,C3,2
St Lucia,F2,2
St Lucia,G4,2
St Lucia,H1B,1
St Lucia,K1,2
St. Kitts and Nevis,A2,1
St. Kitts and Nevis,B1/B2,114
St. Kitts and Nevis,B2,26
St. Kitts and Nevis,F1,1
St. Kitts and Nevis,J1,1
St. Kitts and Nevis,L1,2
St. Kitts and Nevis,L2,3
St. Vincent and The Grenadines,A2,1
St. Vincent and The Grenadines,B1,31
"Nonimmigrant Visa Issuances By NationalityOctober 2017 (FY 2018)",,
Nationality,Visa Class,Issuances
St. Vincent and The Grenadines,B1/B2,141
St. Vincent and The Grenadines,B2,19
St. Vincent and The Grenadines,C1/D,19
St. Vincent and The Grenadines,C3,1
Sudan,A1,9
Sudan,A2,1
Sudan,A3,1
Sudan,B1,20
Sudan,B1/B2,290
Sudan,B2,3
Sudan,D,4
Sudan,F1,5
Sudan,G1,9
Sudan,G2,11
Sudan,G4,13
Sudan,J1,4
Sudan,K1,2
Sudan,L1,2
Sudan,M1,1
Sudan,TD,1
Suriname,A1,1
Suriname,A2,6
Suriname,B1/B2,278
Suriname,C1,1
Suriname,C3,7
Suriname,G1,2
Suriname,G2,4
Suriname,G4,1
Suriname,J1,1
Swaziland,A1,2
Swaziland,A2,2
Swaziland,B1/B2,48
Swaziland,C3,1
Swaziland,F1,1
Swaziland,G2,3
Swaziland,G4,5
Swaziland,J1,1
Sweden,A1,2
Sweden,A2,125
Sweden,B1,7
Sweden,B1/B2,399
"Nonimmigrant Visa Issuances By NationalityOctober 2017 (FY 2018)",,
Nationality,Visa Class,Issuances
Sweden,B2,7
Sweden,C1,1
Sweden,C1/D,118
Sweden,E1,3
Sweden,E2,34
Sweden,F1,30
Sweden,F2,1
Sweden,G2,14
Sweden,G3,1
Sweden,G4,22
Sweden,H1B,6
Sweden,H4,1
Sweden,I,20
Sweden,J1,74
Sweden,J2,12
Sweden,K1,4
Sweden,L1,41
Sweden,L2,52
Sweden,O1,23
Sweden,O3,2
Sweden,P1,64
Sweden,P3,1
Sweden,R1,2
Switzerland,A1,1
Switzerland,A2,38
Switzerland,B1,9
Switzerland,B1/B2,242
Switzerland,B2,6
Switzerland,C1/D,57
Switzerland,C3,3
Switzerland,E1,2
Switzerland,E2,33
Switzerland,F1,105
Switzerland,F2,1
Switzerland,G2,1
Switzerland,G4,16
Switzerland,H1B,13
Switzerland,H2A,1
Switzerland,H2B,2
Switzerland,H4,3
Switzerland,I,9
"Nonimmigrant Visa Issuances By NationalityOctober 2017 (FY 2018)",,
Nationality,Visa Class,Issuances
Switzerland,J1,46
Switzerland,J2,12
Switzerland,K1,1
Switzerland,L1,21
Switzerland,L2,11
Switzerland,M1,11
Switzerland,O1,19
Switzerland,O2,5
Switzerland,O3,2
Switzerland,P1,5
Switzerland,P3,2
Switzerland,R1,1
Syria,B1,7
Syria,B1/B2,488
Syria,B2,4
Syria,C1/D,1
Syria,F1,10
Syria,F2,1
Syria,G1,9
Syria,G4,6
Syria,H1B,2
Syria,H4,8
Syria,J1,3
Syria,J2,4
Syria,K1,18
Syria,L1,5
Syria,L2,3
Syria,P3,1
Tajikistan,A2,3
Tajikistan,B1/B2,111
Tajikistan,B2,1
Tajikistan,F1,2
Tajikistan,G1,3
Tajikistan,G2,2
Tajikistan,G4,12
Tajikistan,H1B,1
Tajikistan,J1,4
Tajikistan,J2,4
Tajikistan,L1,1
Tajikistan,L2,7
Tanzania,A1,5
"Nonimmigrant Visa Issuances By NationalityOctober 2017 (FY 2018)",,
Nationality,Visa Class,Issuances
Tanzania,A2,20
Tanzania,B1,6
Tanzania,B1/B2,408
Tanzania,D,1
Tanzania,F1,10
Tanzania,G1,6
Tanzania,G2,23
Tanzania,G4,8
Tanzania,H1B,4
Tanzania,I,1
Tanzania,J1,5
Tanzania,K1,3
Tanzania,M1,2
Tanzania,Q1,1
Tanzania,R1,2
Thailand,A1,7
Thailand,A2,51
Thailand,A3,1
Thailand,B1,78
Thailand,B1/B2,"2,969"
Thailand,B2,5
Thailand,C1,6
Thailand,C1/D,101
Thailand,C3,1
Thailand,CW1,5
Thailand,E2,25
Thailand,F1,76
Thailand,F2,3
Thailand,G2,6
Thailand,G4,3
Thailand,G5,1
Thailand,H1B,11
Thailand,H4,2
Thailand,I,15
Thailand,J1,98
Thailand,J2,2
Thailand,K1,40
Thailand,K2,9
Thailand,L1,14
Thailand,L2,7
Thailand,M1,7
"Nonimmigrant Visa Issuances By NationalityOctober 2017 (FY 2018)",,
Nationality,Visa Class,Issuances
Thailand,O1,5
Thailand,P1,3
Thailand,P3,2
Thailand,R1,9
Timor-Leste,A1,1
Timor-Leste,A2,5
Timor-Leste,B1/B2,5
Timor-Leste,B2,1
Timor-Leste,J1,1
Togo,A1,3
Togo,A2,13
Togo,B1,1
Togo,B1/B2,105
Togo,F1,2
Togo,G2,5
Togo,G4,4
Togo,K1,2
Tonga,A2,3
Tonga,B1/B2,115
Tonga,C3,2
Tonga,G1,4
Tonga,J1,2
Tonga,R1,1
Trinidad and Tobago,A2,7
Trinidad and Tobago,B1,8
Trinidad and Tobago,B1/B2,"1,550"
Trinidad and Tobago,C1,3
Trinidad and Tobago,C1/D,16
Trinidad and Tobago,C3,2
Trinidad and Tobago,F1,8
Trinidad and Tobago,G4,15
Trinidad and Tobago,H1B,9
Trinidad and Tobago,H4,2
Trinidad and Tobago,J1,5
Trinidad and Tobago,J2,3
Trinidad and Tobago,K1,1
Trinidad and Tobago,L1,15
Trinidad and Tobago,L2,5
Trinidad and Tobago,M1,2
Trinidad and Tobago,P1,3
Trinidad and Tobago,P3,17
"Nonimmigrant Visa Issuances By NationalityOctober 2017 (FY 2018)",,
Nationality,Visa Class,Issuances
Trinidad and Tobago,P4,2
Tunisia,A2,45
Tunisia,B1,1
Tunisia,B1/B2,485
Tunisia,B2,3
Tunisia,C1/D,52
Tunisia,F1,7
Tunisia,G1,3
Tunisia,G2,7
Tunisia,G4,6
Tunisia,H1B,6
Tunisia,J1,27
Tunisia,J2,3
Tunisia,K1,4
Tunisia,L1,2
Tunisia,L2,1
Tunisia,M1,1
Tunisia,O1,3
Tunisia,O3,2
Turkey,A1,1
Turkey,A2,21
Turkey,B1,10
Turkey,B1/B2,"2,013"
Turkey,B2,17
Turkey,C1/D,118
Turkey,E2,31
Turkey,F1,81
Turkey,F2,12
Turkey,G1,2
Turkey,G2,6
Turkey,G4,19
Turkey,H1B,40
Turkey,H3,1
Turkey,H4,26
Turkey,I,8
Turkey,J1,63
Turkey,J2,31
Turkey,K1,11
Turkey,L1,17
Turkey,L2,12
Turkey,M1,1
"Nonimmigrant Visa Issuances By NationalityOctober 2017 (FY 2018)",,
Nationality,Visa Class,Issuances
Turkey,NATO2,2
Turkey,NATO6,2
Turkey,O1,7
Turkey,O3,1
Turkey,R1,1
Turkey,R2,3
Turkey,TD,1
Turkmenistan,B1/B2,52
Turkmenistan,F1,8
Turkmenistan,F2,1
Turkmenistan,G1,1
Turkmenistan,G2,2
Turkmenistan,G4,1
Turks and Caicos Islands,B1/B2,11
Turks and Caicos Islands,C1/D,1
Turks and Caicos Islands,J1,1
Tuvalu,A2,1
Tuvalu,B1/B2,1
Tuvalu,C1/D,4
Tuvalu,C3,1
Uganda,A2,47
Uganda,B1,1
Uganda,B1/B2,514
Uganda,C1,4
Uganda,C3,2
Uganda,D,2
Uganda,F1,13
Uganda,F2,2
Uganda,G1,5
Uganda,G2,4
Uganda,G4,32
Uganda,G5,1
Uganda,H1B,1
Uganda,H4,1
Uganda,I,2
Uganda,J1,7
Uganda,K1,10
Uganda,K2,1
Uganda,L2,1
Uganda,M1,2
Ukraine,A1,7
"Nonimmigrant Visa Issuances By NationalityOctober 2017 (FY 2018)",,
Nationality,Visa Class,Issuances
Ukraine,A2,26
Ukraine,B1,77
Ukraine,B1/B2,"3,701"
Ukraine,B2,3
Ukraine,C1,1
Ukraine,C1/D,961
Ukraine,E2,9
Ukraine,F1,17
Ukraine,F2,3
Ukraine,G1,3
Ukraine,G2,9
Ukraine,G4,5
Ukraine,G5,1
Ukraine,H1B,26
Ukraine,H2B,3
Ukraine,H4,19
Ukraine,I,4
Ukraine,J1,69
Ukraine,J2,13
Ukraine,K1,37
Ukraine,K2,8
Ukraine,L1,61
Ukraine,L2,50
Ukraine,M1,1
Ukraine,O1,20
Ukraine,O2,2
Ukraine,O3,5
Ukraine,P1,48
Ukraine,P3,22
Ukraine,P4,1
Ukraine,TD,2
United Arab Emirates,A1,9
United Arab Emirates,A2,110
United Arab Emirates,B1/B2,"1,080"
United Arab Emirates,B2,67
United Arab Emirates,D,6
United Arab Emirates,F1,23
United Arab Emirates,G1,1
United Arab Emirates,J1,10
United Arab Emirates,J2,1
United Arab Emirates,M1,1
"Nonimmigrant Visa Issuances By NationalityOctober 2017 (FY 2018)",,
Nationality,Visa Class,Issuances
Uruguay,A2,11
Uruguay,A3,1
Uruguay,B1,2
Uruguay,B1/B2,"1,813"
Uruguay,C1,5
Uruguay,C1/D,9
Uruguay,C3,1
Uruguay,F1,6
Uruguay,F2,1
Uruguay,G2,3
Uruguay,G4,13
Uruguay,H1B,1
Uruguay,H4,1
Uruguay,I,3
Uruguay,J1,8
Uruguay,J2,1
Uruguay,L1,5
Uruguay,L2,7
Uzbekistan,A1,9
Uzbekistan,A2,24
Uzbekistan,B1/B2,830
Uzbekistan,C1/D,21
Uzbekistan,E1,1
Uzbekistan,E2,1
Uzbekistan,F1,32
Uzbekistan,F2,4
Uzbekistan,G2,3
Uzbekistan,G4,4
Uzbekistan,J1,12
Uzbekistan,J2,4
Uzbekistan,K1,5
Uzbekistan,K2,4
Uzbekistan,L1,1
Uzbekistan,M1,1
Uzbekistan,O1,1
Uzbekistan,P3,13
Vanuatu,B1/B2,6
Vatican City,A1,1
Vatican City,B1/B2,1
Vatican City,C3,1
Vatican City,G3,1
"Nonimmigrant Visa Issuances By NationalityOctober 2017 (FY 2018)",,
Nationality,Visa Class,Issuances
Venezuela,A1,2
Venezuela,A2,26
Venezuela,B1,72
Venezuela,B1/B2,"1,975"
Venezuela,C1,9
Venezuela,C1/D,26
Venezuela,C3,1
Venezuela,E2,19
Venezuela,E3D,1
Venezuela,F1,114
Venezuela,F2,24
Venezuela,G2,5
Venezuela,G3,3
Venezuela,G4,14
Venezuela,H1B,29
Venezuela,H3,1
Venezuela,H4,21
Venezuela,I,1
Venezuela,J1,30
Venezuela,J2,8
Venezuela,K1,11
Venezuela,K2,3
Venezuela,L1,36
Venezuela,L2,34
Venezuela,M1,1
Venezuela,O1,12
Venezuela,O2,5
Venezuela,O3,10
Venezuela,P1,27
Venezuela,P3,2
Venezuela,P4,2
Venezuela,R1,2
Venezuela,R2,1
Venezuela,TD,3
Vietnam,A1,26
Vietnam,A2,61
Vietnam,A3,1
Vietnam,B1,7
Vietnam,B1/B2,"8,129"
Vietnam,B2,3
Vietnam,C1,16
"Nonimmigrant Visa Issuances By NationalityOctober 2017 (FY 2018)",,
Nationality,Visa Class,Issuances
Vietnam,C1/D,178
Vietnam,F1,275
Vietnam,F2,12
Vietnam,G1,9
Vietnam,G2,25
Vietnam,G4,32
Vietnam,H1B,20
Vietnam,H4,10
Vietnam,I,11
Vietnam,J1,35
Vietnam,J2,14
Vietnam,K1,129
Vietnam,K2,23
Vietnam,L1,13
Vietnam,L2,14
Vietnam,M1,3
Vietnam,O1,6
Vietnam,O2,8
Vietnam,O3,6
Vietnam,P3,1
Vietnam,R1,12
Yemen,A1,8
Yemen,A2,4
Yemen,B1,1
Yemen,B1/B2,129
Yemen,C1/D,1
Yemen,F1,5
Yemen,F2,5
Yemen,G1,4
Yemen,G2,3
Yemen,G4,4
Yemen,J1,2
Yemen,J2,6
Yemen,K1,3
Yemen,L1,1
Zambia,A1,4
Zambia,A2,18
Zambia,B1,2
Zambia,B1/B2,204
Zambia,C1,2
Zambia,C1/D,1
Nonimmigrant Visa Issuances By Nationality
October 2017 (FY 2018)
Nationality Visa Class Issuances
Zambia C3 2
Zambia F1 5
Zambia G1 2
Zambia G2 5
Zambia G4 18
Zambia J1 4
Zambia M1 1
Zambia Q1 1
Zambia R1 1
Zimbabwe A1 4
Zimbabwe A2 2
Zimbabwe B1 1
Zimbabwe B1/B2 424
Zimbabwe B2 1
Zimbabwe C1 42
Zimbabwe D 53
Zimbabwe F1 4
Zimbabwe F2 3
Zimbabwe G1 8
Zimbabwe G2 15
Zimbabwe G4 28
Zimbabwe H1B 1
Zimbabwe J1 10
Zimbabwe J2 1
Zimbabwe K1 1
Zimbabwe L1 3
Zimbabwe O1 1
Zimbabwe O3 2
Zimbabwe TD 1
"Grand Total 636,507"
"*""Non-nationality based issuances"" includes individuals presenting travel documents issued by a"
"competent authority other than their country of nationality, including, for example, aliens traveling on a"
Laissez-Passer issued by the United Nations and refugees residing in another country.
