,country,visa_type,number
0,Afghanistan,A1,26
1,Afghanistan,A2,6
2,Afghanistan,B1/B2,16
3,Afghanistan,F1,10
4,Afghanistan,F2,6
5,Afghanistan,G1,4
6,Afghanistan,G4,6
7,Afghanistan,K1,19
8,Albania,A1,3
9,Albania,A2,8
10,Albania,B1/B2,255
11,Albania,C1/D,3
12,Albania,F1,57
13,Albania,F2,2
14,Albania,G4,2
15,Albania,J1,6
16,Albania,K1,16
17,Albania,K2,2
18,Albania,R2,1
19,Algeria,A1,1
20,Algeria,A2,3
21,Algeria,B1/B2,14
22,Algeria,D,7
23,Algeria,F1,13
24,Algeria,G1,2
25,Algeria,G4,2
26,Algeria,J1,7
27,Algeria,J2,4
28,Algeria,K1,1
29,Andorra,J1,1
30,Angola,A1,13
31,Angola,A2,1
32,Angola,B1/B2,26
33,Angola,B2,2
34,Angola,C1/D,6
35,Angola,F1,17
36,Angola,F2,1
37,Angola,G1,1
38,Angola,G4,5
39,Angola,I,3
40,Antigua And Barbuda,A1,3
41,Antigua And Barbuda,B1/B2,22
42,Antigua And Barbuda,F1,10
43,Antigua And Barbuda,G1,1
44,Antigua And Barbuda,J1,1
45,Argentina,A1,10
46,Argentina,A2,7
47,Argentina,B1,3
48,Argentina,B1/B2,104
49,Argentina,BBBCC,1
50,Argentina,C1,2
51,Argentina,C1/D,16
52,Argentina,C3,14
53,Argentina,E2,1
54,Argentina,F1,122
55,Argentina,F2,11
56,Argentina,G1,4
57,Argentina,G4,26
58,Argentina,H1B,6
59,Argentina,H2B,15
60,Argentina,J1,47
61,Argentina,J2,3
62,Argentina,K1,6
63,Argentina,L1,4
64,Argentina,L2,2
65,Argentina,M2,2
66,Argentina,O1,8
67,Argentina,O3,4
68,Argentina,P1,27
69,Argentina,P4,10
70,Argentina,R1,1
71,Argentina,R2,2
72,Armenia,A1,6
73,Armenia,B1/B2,8
74,Armenia,B2,1
75,Armenia,F1,2
76,Armenia,G1,6
77,Armenia,G4,4
78,Armenia,J1,3
79,Armenia,K1,8
80,Australia,A1,14
81,Australia,A2,196
82,Australia,B1,9
83,Australia,B1/B2,124
84,Australia,B2,2
85,Australia,C1/D,38
86,Australia,C3,2
87,Australia,E1,2
88,Australia,E2,7
89,Australia,E3,211
90,Australia,E3D,137
91,Australia,E3R,86
92,Australia,F1,156
93,Australia,F2,2
94,Australia,G1,7
95,Australia,G4,14
96,Australia,H1B,4
97,Australia,H2B,2
98,Australia,H3,1
99,Australia,H4,4
100,Australia,I,9
101,Australia,J1,36
102,Australia,J2,7
103,Australia,K1,11
104,Australia,K2,1
105,Australia,L1,9
106,Australia,L2,15
107,Australia,M1,4
108,Australia,O1,31
109,Australia,O2,7
110,Australia,O3,4
111,Australia,P1,12
112,Australia,R1,4
113,Australia,R2,1
114,Australia,TD,2
115,Austria,A1,4
116,Austria,A2,4
117,Austria,B1/B2,135
118,Austria,C1/D,5
119,Austria,E1,1
120,Austria,E2,32
121,Austria,F1,25
122,Austria,F2,1
123,Austria,G2,1
124,Austria,G3,1
125,Austria,G4,4
126,Austria,H1B,7
127,Austria,I,2
128,Austria,J1,75
129,Austria,J2,1
130,Austria,K1,1
131,Austria,L1,9
132,Austria,L2,7
133,Austria,O1,2
134,Austria,P1,1
135,Azerbaijan,A2,13
136,Azerbaijan,A3,1
137,Azerbaijan,B1,1
138,Azerbaijan,B1/B2,25
139,Azerbaijan,C1/D,22
140,Azerbaijan,F1,39
141,Azerbaijan,F2,8
142,Azerbaijan,G1,2
143,Azerbaijan,G4,4
144,Azerbaijan,H1B,1
145,Azerbaijan,J1,3
146,Azerbaijan,J2,3
147,"Bahamas, The",A2,2
148,"Bahamas, The",B1/B2,147
149,"Bahamas, The",B2,1
150,"Bahamas, The",C1,1
151,"Bahamas, The",C1/D,1
152,"Bahamas, The",C3,2
153,"Bahamas, The",F1,100
154,"Bahamas, The",F2,1
155,"Bahamas, The",H1B,2
156,"Bahamas, The",J1,3
157,"Bahamas, The",J2,1
158,"Bahamas, The",M1,4
159,Bahrain,A1,3
160,Bahrain,A2,6
161,Bahrain,B1/B2,45
162,Bahrain,B2,3
163,Bahrain,E2,1
164,Bahrain,F1,13
165,Bahrain,J1,1
166,Bahrain,M1,1
167,Bangladesh,A1,4
168,Bangladesh,A2,7
169,Bangladesh,B1,1
170,Bangladesh,B1/B2,540
171,Bangladesh,C1/D,49
172,Bangladesh,F1,743
173,Bangladesh,F2,144
174,Bangladesh,G1,8
175,Bangladesh,G4,25
176,Bangladesh,H1B,2
177,Bangladesh,H4,1
178,Bangladesh,J1,12
179,Bangladesh,J2,25
180,Barbados,A3,1
181,Barbados,B1/B2,143
182,Barbados,F1,13
183,Barbados,F2,1
184,Barbados,G4,2
185,Barbados,H1B,1
186,Barbados,J1,1
187,Barbados,K1,1
188,Barbados,O1,4
189,Belarus,B1/B2,38
190,Belarus,C1/D,15
191,Belarus,F1,20
192,Belarus,F2,1
193,Belarus,G1,1
194,Belarus,G4,3
195,Belarus,J1,2
196,Belarus,M1,1
197,Belarus,P1,1
198,Belgium,A2,4
199,Belgium,B1,7
200,Belgium,B1/B2,16
201,Belgium,C1/D,26
202,Belgium,D,1
203,Belgium,E2,25
204,Belgium,F1,80
205,Belgium,F2,4
206,Belgium,G4,3
207,Belgium,H1B,6
208,Belgium,I,3
209,Belgium,J1,39
210,Belgium,J2,10
211,Belgium,K1,1
212,Belgium,L1,12
213,Belgium,L2,9
214,Belgium,M1,13
215,Belgium,NATO2,66
216,Belgium,O1,2
217,Belgium,O3,1
218,Belgium,P1,1
219,Belize,A2,6
220,Belize,B1/B2,55
221,Belize,B2,1
222,Belize,C1,1
223,Belize,C3,3
224,Belize,F1,21
225,Belize,H1B,1
226,Belize,J1,1
227,Benin,A1,4
228,Benin,A2,1
229,Benin,B1/B2,1
230,Benin,D,1
231,Benin,F1,11
232,Benin,J1,1
233,Benin,K1,1
234,Benin,K2,2
235,Bermuda,B1/B2,5
236,Bermuda,F1,1
237,Bermuda,K1,1
238,Bhutan,F1,6
239,Bhutan,F2,3
240,Bhutan,G1,3
241,Bhutan,G4,4
242,Bhutan,J2,1
243,Bolivia,A1,1
244,Bolivia,A2,3
245,Bolivia,B1,1
246,Bolivia,B1/B2,765
247,Bolivia,C1/D,5
248,Bolivia,C3,1
249,Bolivia,F1,60
250,Bolivia,G1,1
251,Bolivia,G4,7
252,Bolivia,H1B,1
253,Bolivia,H4,3
254,Bolivia,J1,9
255,Bosnia-Herzegovina,A2,2
256,Bosnia-Herzegovina,B1/B2,2
257,Bosnia-Herzegovina,C1/D,17
258,Bosnia-Herzegovina,F1,14
259,Bosnia-Herzegovina,G4,1
260,Bosnia-Herzegovina,K1,11
261,Bosnia-Herzegovina,K2,1
262,Botswana,A2,5
263,Botswana,B1/B2,1
264,Botswana,F1,1
265,Botswana,J1,1
266,Brazil,A1,21
267,Brazil,A2,153
268,Brazil,B1/B2,130
269,Brazil,C1,6
270,Brazil,C1/D,175
271,Brazil,C3,6
272,Brazil,E2,1
273,Brazil,E3D,1
274,Brazil,F1,141
275,Brazil,F2,19
276,Brazil,G1,11
277,Brazil,G4,23
278,Brazil,H1B,12
279,Brazil,H4,14
280,Brazil,J1,149
281,Brazil,J2,33
282,Brazil,K1,2
283,Brazil,L1,33
284,Brazil,L2,52
285,Brazil,O1,12
286,Brazil,O2,1
287,Brazil,O3,15
288,Brazil,P1,9
289,Brazil,P4,1
290,Brazil,R1,3
291,Brazil,R2,2
292,British National Overseas (Hong Kong) Passport,B1/B2,165
293,British National Overseas (Hong Kong) Passport,C1/D,4
294,British National Overseas (Hong Kong) Passport,F1,2
295,British National Overseas (Hong Kong) Passport,H1B,3
296,British National Overseas (Hong Kong) Passport,K1,2
297,British National Overseas (Hong Kong) Passport,TD,1
298,British Virgin Islands,F1,1
299,Brunei,F1,1
300,Brunei,J1,1
301,Bulgaria,B1,3
302,Bulgaria,B1/B2,98
303,Bulgaria,C1/D,52
304,Bulgaria,E2,7
305,Bulgaria,F1,4
306,Bulgaria,G2,1
307,Bulgaria,G4,4
308,Bulgaria,H2B,24
309,Bulgaria,K1,1
310,Bulgaria,L1,1
311,Bulgaria,NATO2,5
312,Bulgaria,O1,1
313,Bulgaria,O3,3
314,Burkina Faso,A1,1
315,Burkina Faso,A2,2
316,Burkina Faso,F1,18
317,Burkina Faso,F2,3
318,Burkina Faso,G1,3
319,Burkina Faso,G2,3
320,Burkina Faso,G4,1
321,Burkina Faso,J1,5
322,Burkina Faso,K1,1
323,Burma,A1,9
324,Burma,B1/B2,7
325,Burma,C1,49
326,Burma,D,215
327,Burma,F1,86
328,Burma,F2,7
329,Burma,G4,1
330,Burma,J1,8
331,Burma,K1,4
332,Burma,M1,1
333,Burundi,A1,6
334,Burundi,B1/B2,1
335,Burundi,F1,3
336,Burundi,G1,1
337,Burundi,G4,3
338,Burundi,K1,3
339,Cabo Verde,A1,1
340,Cabo Verde,A2,2
341,Cabo Verde,B1/B2,5
342,Cabo Verde,C1/D,2
343,Cabo Verde,F1,3
344,Cabo Verde,G1,1
345,Cabo Verde,G4,1
346,Cambodia,A1,8
347,Cambodia,B1/B2,44
348,Cambodia,F1,21
349,Cambodia,G1,10
350,Cambodia,G4,5
351,Cambodia,J1,1
352,Cambodia,K1,17
353,Cambodia,K2,3
354,Cameroon,A1,2
355,Cameroon,A2,9
356,Cameroon,B1,2
357,Cameroon,B1/B2,12
358,Cameroon,F1,66
359,Cameroon,F2,2
360,Cameroon,G4,10
361,Cameroon,J1,9
362,Cameroon,J2,2
363,Cameroon,K1,19
364,Cameroon,R1,2
365,Canada,A1,11
366,Canada,A2,6
367,Canada,B1/B2,2
368,Canada,E1,16
369,Canada,E2,96
370,Canada,E3D,1
371,Canada,F1,9
372,Canada,F2,2
373,Canada,G4,31
374,Canada,H1B,1
375,Canada,I,1
376,Canada,J2,2
377,Canada,K1,31
378,Canada,L2,5
379,Canada,NATO2,15
380,Canada,P2,1
381,Canada,TN,2
382,Cayman Islands,B1/B2,16
383,Cayman Islands,F1,1
384,Central African Republic,A1,4
385,Central African Republic,A2,8
386,Central African Republic,G1,2
387,Central African Republic,G4,1
388,Central African Republic,K1,1
389,Chad,A2,3
390,Chad,B1/B2,22
391,Chad,F1,2
392,Chad,G4,4
393,Chad,K1,1
394,Chile,A1,7
395,Chile,A2,36
396,Chile,B1,84
397,Chile,B1/B2,78
398,Chile,C1,6
399,Chile,C1/D,28
400,Chile,C3,38
401,Chile,E2,28
402,Chile,F1,280
403,Chile,F2,141
404,Chile,G1,1
405,Chile,G4,11
406,Chile,H1B,5
407,Chile,H1B1,107
408,Chile,H2A,1
409,Chile,H4,71
410,Chile,I,1
411,Chile,J1,166
412,Chile,J2,22
413,Chile,K1,1
414,Chile,L1,3
415,Chile,L2,11
416,Chile,M1,2
417,Chile,O1,4
418,Chile,O3,4
419,Chile,P1,2
420,Chile,TD,3
421,China - Mainland,A1,19
422,China - Mainland,A2,5
423,China - Mainland,B1/B2,82
424,China - Mainland,C1,14
425,China - Mainland,C1/D,627
426,China - Mainland,C3,2
427,China - Mainland,E2,4
428,China - Mainland,F1,468
429,China - Mainland,F2,15
430,China - Mainland,G1,11
431,China - Mainland,G4,26
432,China - Mainland,H1B,180
433,China - Mainland,H4,75
434,China - Mainland,J1,65
435,China - Mainland,J2,19
436,China - Mainland,K1,10
437,China - Mainland,L1,26
438,China - Mainland,L2,20
439,China - Mainland,O1,2
440,China - Mainland,O2,1
441,China - Mainland,O3,1
442,China - Mainland,R1,1
443,China - Mainland,TD,1
444,China - Taiwan,A2,2
445,China - Taiwan,B1/B2,109
446,China - Taiwan,C1/D,212
447,China - Taiwan,E1,68
448,China - Taiwan,E2,52
449,China - Taiwan,F1,258
450,China - Taiwan,F2,11
451,China - Taiwan,G1,1
452,China - Taiwan,G4,3
453,China - Taiwan,H1B,75
454,China - Taiwan,H4,18
455,China - Taiwan,I,4
456,China - Taiwan,J1,32
457,China - Taiwan,J2,6
458,China - Taiwan,K1,11
459,China - Taiwan,L1,13
460,China - Taiwan,L2,12
461,China - Taiwan,M1,9
462,China - Taiwan,O1,6
463,China - Taiwan,O2,2
464,China - Taiwan,O3,1
465,China - Taiwan,P1,2
466,Colombia,A1,7
467,Colombia,A2,186
468,Colombia,B1,3
469,Colombia,B1/B2,998
470,Colombia,C1,22
471,Colombia,C1/D,50
472,Colombia,D,1
473,Colombia,E1,1
474,Colombia,E2,1
475,Colombia,F1,288
476,Colombia,F2,12
477,Colombia,G1,9
478,Colombia,G4,32
479,Colombia,H1B,11
480,Colombia,H4,8
481,Colombia,I,2
482,Colombia,J1,65
483,Colombia,J2,19
484,Colombia,K1,24
485,Colombia,K2,7
486,Colombia,L1,7
487,Colombia,L2,7
488,Colombia,M1,14
489,Colombia,O1,6
490,Colombia,O3,1
491,Colombia,P1,3
492,Colombia,P4,2
493,Colombia,R1,2
494,"Congo, Democratic Republic Of The",A1,1
495,"Congo, Democratic Republic Of The",A2,11
496,"Congo, Democratic Republic Of The",B1/B2,26
497,"Congo, Democratic Republic Of The",F1,99
498,"Congo, Democratic Republic Of The",F2,4
499,"Congo, Democratic Republic Of The",G4,1
500,"Congo, Democratic Republic Of The",K1,4
501,"Congo, Democratic Republic Of The",R1,2
502,"Congo, Republic Of The",A2,1
503,"Congo, Republic Of The",B1,1
504,"Congo, Republic Of The",B2,1
505,"Congo, Republic Of The",C1,1
506,"Congo, Republic Of The",F1,1
507,"Congo, Republic Of The",G1,8
508,"Congo, Republic Of The",G4,1
509,Costa Rica,A1,1
510,Costa Rica,A2,1
511,Costa Rica,C1/D,5
512,Costa Rica,E2,5
513,Costa Rica,F1,43
514,Costa Rica,F2,2
515,Costa Rica,G1,1
516,Costa Rica,G4,7
517,Costa Rica,G5,1
518,Costa Rica,H1B,2
519,Costa Rica,H3,16
520,Costa Rica,J1,9
521,Costa Rica,J2,6
522,Costa Rica,K1,1
523,Costa Rica,L1,3
524,Costa Rica,L2,3
525,Cote D'Ivoire,A1,3
526,Cote D'Ivoire,A2,2
527,Cote D'Ivoire,A3,2
528,Cote D'Ivoire,B1,1
529,Cote D'Ivoire,B1/B2,10
530,Cote D'Ivoire,F1,50
531,Cote D'Ivoire,G1,2
532,Cote D'Ivoire,G4,10
533,Cote D'Ivoire,H1B,2
534,Cote D'Ivoire,J1,14
535,Cote D'Ivoire,K1,3
536,Cote D'Ivoire,K2,1
537,Cote D'Ivoire,L1,2
538,Cote D'Ivoire,L2,6
539,Cote D'Ivoire,R1,3
540,Croatia,A1,1
541,Croatia,B1,11
542,Croatia,B1/B2,62
543,Croatia,C1,1
544,Croatia,C1/D,46
545,Croatia,F1,13
546,Croatia,G1,1
547,Croatia,G4,5
548,Croatia,H1B,3
549,Croatia,H4,2
550,Croatia,I,1
551,Croatia,J1,6
552,Croatia,K1,5
553,Croatia,L1,2
554,Croatia,L2,2
555,Croatia,NATO2,4
556,Croatia,O1,2
557,Croatia,P1,1
558,Croatia,R1,1
559,Cuba,A1,8
560,Cuba,B1,3
561,Cuba,B1/B2,16
562,Cuba,B2,17
563,Cuba,C1,1
564,Cuba,F1,9
565,Cuba,F2,3
566,Cuba,G1,1
567,Cuba,G4,1
568,Cuba,J2,1
569,Cuba,K1,33
570,Cuba,K2,11
571,Cuba,O1,1
572,Cuba,O2,1
573,Cuba,O3,3
574,Cyprus,B1/B2,11
575,Cyprus,C1/D,2
576,Cyprus,F1,8
577,Cyprus,H1B,1
578,Cyprus,I,1
579,Cyprus,L1,1
580,Cyprus,O1,1
581,Czech Republic,A1,3
582,Czech Republic,A2,4
583,Czech Republic,B1,28
584,Czech Republic,B1/B2,10
585,Czech Republic,C1/D,10
586,Czech Republic,E2,17
587,Czech Republic,F1,28
588,Czech Republic,G1,1
589,Czech Republic,G4,2
590,Czech Republic,H1B,2
591,Czech Republic,H2B,5
592,Czech Republic,J1,34
593,Czech Republic,J2,7
594,Czech Republic,K1,3
595,Czech Republic,K2,1
596,Czech Republic,L1,3
597,Czech Republic,L2,4
598,Czech Republic,P1,6
599,Czech Republic,P4,3
600,Denmark,A2,14
601,Denmark,B1,1
602,Denmark,B1/B2,5
603,Denmark,C1/D,4
604,Denmark,E2,8
605,Denmark,F1,37
606,Denmark,G1,6
607,Denmark,G4,7
608,Denmark,H1B,3
609,Denmark,I,1
610,Denmark,J1,29
611,Denmark,J2,3
612,Denmark,L1,5
613,Denmark,M1,1
614,Denmark,NATO2,11
615,Denmark,NATO6,1
616,Denmark,O1,8
617,Denmark,O2,1
618,Denmark,O3,2
619,Djibouti,A2,2
620,Djibouti,F1,1
621,Djibouti,K1,1
622,Dominica,B1/B2,11
623,Dominica,F1,5
624,Dominica,K1,1
625,Dominica,K2,1
626,Dominica,O1,1
627,Dominican Republic,A1,7
628,Dominican Republic,A2,30
629,Dominican Republic,B1,3
630,Dominican Republic,C1,4
631,Dominican Republic,C1/D,3
632,Dominican Republic,C3,2
633,Dominican Republic,F1,98
634,Dominican Republic,G1,1
635,Dominican Republic,G4,7
636,Dominican Republic,H1B,3
637,Dominican Republic,H2A,10
638,Dominican Republic,I,5
639,Dominican Republic,J1,18
640,Dominican Republic,J2,3
641,Dominican Republic,K1,13
642,Dominican Republic,K2,9
643,Dominican Republic,P1,45
644,Dominican Republic,P4,2
645,Ecuador,A1,10
646,Ecuador,A2,21
647,Ecuador,C1,3
648,Ecuador,C1/D,15
649,Ecuador,F1,102
650,Ecuador,F2,6
651,Ecuador,G4,11
652,Ecuador,G5,1
653,Ecuador,H1B,3
654,Ecuador,H2A,1
655,Ecuador,J1,54
656,Ecuador,J2,16
657,Ecuador,K1,15
658,Ecuador,K2,3
659,Ecuador,L2,2
660,Ecuador,M1,1
661,Ecuador,P1,1
662,Ecuador,R1,1
663,Egypt,A1,6
664,Egypt,A2,66
665,Egypt,B1/B2,567
666,Egypt,B2,4
667,Egypt,C1,1
668,Egypt,C1/D,40
669,Egypt,F1,52
670,Egypt,F2,4
671,Egypt,G1,3
672,Egypt,G4,19
673,Egypt,H1B,2
674,Egypt,H4,4
675,Egypt,I,5
676,Egypt,J1,29
677,Egypt,J2,4
678,Egypt,K1,2
679,Egypt,M1,1
680,Egypt,O1,1
681,Egypt,O3,2
682,El Salvador,A1,11
683,El Salvador,A2,90
684,El Salvador,B1,4
685,El Salvador,C1,3
686,El Salvador,C1/D,12
687,El Salvador,F1,44
688,El Salvador,G1,9
689,El Salvador,G4,5
690,El Salvador,G5,1
691,El Salvador,H1B,2
692,El Salvador,H2A,57
693,El Salvador,H3,1
694,El Salvador,I,2
695,El Salvador,J1,18
696,El Salvador,K1,18
697,El Salvador,K2,3
698,El Salvador,R1,5
699,El Salvador,R2,2
700,El Salvador,U1,1
701,El Salvador,U3,3
702,El Salvador,U5,1
703,Equatorial Guinea,B1,1
704,Equatorial Guinea,F1,6
705,Equatorial Guinea,G1,2
706,Eritrea,B1/B2,2
707,Eritrea,F1,7
708,Eritrea,G4,4
709,Eritrea,J1,1
710,Eritrea,K1,3
711,Estonia,B1,1
712,Estonia,C1/D,7
713,Estonia,E1,2
714,Estonia,F1,7
715,Estonia,F2,3
716,Estonia,G1,1
717,Estonia,H1B,1
718,Estonia,J1,6
719,Estonia,J2,6
720,Estonia,L1,1
721,Estonia,L2,2
722,Estonia,NATO2,2
723,Eswatini,B1/B2,1
724,Eswatini,F1,21
725,Eswatini,J1,1
726,Eswatini,R1,1
727,Ethiopia,A1,10
728,Ethiopia,A2,10
729,Ethiopia,B1,2
730,Ethiopia,B1/B2,874
731,Ethiopia,C1,1
732,Ethiopia,C1/D,108
733,Ethiopia,D,7
734,Ethiopia,F1,423
735,Ethiopia,F2,7
736,Ethiopia,G1,8
737,Ethiopia,G4,31
738,Ethiopia,J1,5
739,Ethiopia,J2,3
740,Ethiopia,K1,3
741,Fiji,B1/B2,4
742,Fiji,C1,3
743,Fiji,C1/D,11
744,Fiji,C3,2
745,Fiji,F1,1
746,Fiji,G4,2
747,Fiji,K1,2
748,Fiji,O1,1
749,Finland,A1,1
750,Finland,A2,1
751,Finland,B1,2
752,Finland,B1/B2,6
753,Finland,B2,1
754,Finland,C1/D,1
755,Finland,F1,18
756,Finland,G4,1
757,Finland,I,3
758,Finland,J1,11
759,Finland,J2,3
760,Finland,L1,1
761,Finland,O1,1
762,Finland,P1,8
763,Finland,P4,1
764,France,A1,5
765,France,A2,23
766,France,B1,7
767,France,B1/B2,50
768,France,C1,1
769,France,C1/D,63
770,France,C3,2
771,France,E1,16
772,France,E2,68
773,France,E3D,1
774,France,F1,544
775,France,F2,5
776,France,G1,1
777,France,G4,34
778,France,H1B,13
779,France,H4,7
780,France,I,40
781,France,J1,429
782,France,J2,39
783,France,K1,10
784,France,L1,30
785,France,L2,36
786,France,M1,26
787,France,NATO2,63
788,France,NATO6,1
789,France,O1,17
790,France,O3,8
791,France,P1,2
792,Gabon,A2,1
793,Gabon,G4,1
794,"Gambia, The",A1,7
795,"Gambia, The",A2,1
796,"Gambia, The",B1/B2,2
797,"Gambia, The",F1,3
798,"Gambia, The",G4,5
799,"Gambia, The",J1,2
800,"Gambia, The",K1,4
801,Georgia,A1,6
802,Georgia,A2,13
803,Georgia,C1/D,21
804,Georgia,F1,2
805,Georgia,G4,3
806,Georgia,J1,5
807,Georgia,K1,1
808,Germany,A1,2
809,Germany,A2,22
810,Germany,B1,2
811,Germany,B1/B2,77
812,Germany,C1/D,77
813,Germany,C3,4
814,Germany,E1,22
815,Germany,E2,96
816,Germany,E3D,1
817,Germany,F1,201
818,Germany,G1,1
819,Germany,G3,2
820,Germany,G4,25
821,Germany,H1B,22
822,Germany,H4,7
823,Germany,I,24
824,Germany,J1,391
825,Germany,J2,31
826,Germany,K1,7
827,Germany,L1,37
828,Germany,L2,29
829,Germany,M1,4
830,Germany,NATO2,36
831,Germany,NATO6,24
832,Germany,O1,27
833,Germany,O3,4
834,Germany,P1,3
835,Germany,P4,4
836,Germany,Q1,1
837,Germany,R1,2
838,Ghana,A1,1
839,Ghana,B1/B2,38
840,Ghana,C1/D,4
841,Ghana,F1,184
842,Ghana,F2,5
843,Ghana,G1,1
844,Ghana,G4,14
845,Ghana,H1B,1
846,Ghana,J1,5
847,Ghana,J2,9
848,Ghana,K1,4
849,Ghana,P1,1
850,Great Britain And Northern Ireland,A1,5
851,Great Britain And Northern Ireland,A2,94
852,Great Britain And Northern Ireland,B1,87
853,Great Britain And Northern Ireland,B1/B2,67
854,Great Britain And Northern Ireland,B2,4
855,Great Britain And Northern Ireland,C1/D,146
856,Great Britain And Northern Ireland,C3,7
857,Great Britain And Northern Ireland,D,1
858,Great Britain And Northern Ireland,E1,11
859,Great Britain And Northern Ireland,E2,53
860,Great Britain And Northern Ireland,F1,335
861,Great Britain And Northern Ireland,F2,13
862,Great Britain And Northern Ireland,G1,1
863,Great Britain And Northern Ireland,G4,36
864,Great Britain And Northern Ireland,H1B,9
865,Great Britain And Northern Ireland,H4,7
866,Great Britain And Northern Ireland,I,20
867,Great Britain And Northern Ireland,J1,73
868,Great Britain And Northern Ireland,J2,11
869,Great Britain And Northern Ireland,K1,12
870,Great Britain And Northern Ireland,L1,39
871,Great Britain And Northern Ireland,L2,31
872,Great Britain And Northern Ireland,M1,28
873,Great Britain And Northern Ireland,NATO2,31
874,Great Britain And Northern Ireland,NATO6,5
875,Great Britain And Northern Ireland,O1,36
876,Great Britain And Northern Ireland,O2,2
877,Great Britain And Northern Ireland,O3,13
878,Great Britain And Northern Ireland,P1,10
879,Great Britain And Northern Ireland,R1,1
880,Greece,A2,4
881,Greece,B1,13
882,Greece,B1/B2,10
883,Greece,C1/D,70
884,Greece,E1,1
885,Greece,F1,50
886,Greece,F2,2
887,Greece,G2,1
888,Greece,G4,2
889,Greece,H1B,14
890,Greece,H2B,1
891,Greece,H4,2
892,Greece,I,2
893,Greece,J1,27
894,Greece,J2,1
895,Greece,L1,3
896,Greece,L2,2
897,Greece,NATO2,3
898,Greece,O1,1
899,Greece,P1,1
900,Grenada,B1/B2,39
901,Grenada,F1,5
902,Grenada,G1,2
903,Grenada,J1,1
904,Guatemala,A1,9
905,Guatemala,A2,9
906,Guatemala,B1,1
907,Guatemala,B1/B2,51
908,Guatemala,C1,1
909,Guatemala,C1/D,1
910,Guatemala,F1,30
911,Guatemala,F2,2
912,Guatemala,G4,5
913,Guatemala,G5,1
914,Guatemala,H1B,1
915,Guatemala,H2A,112
916,Guatemala,H2B,184
917,Guatemala,J1,6
918,Guatemala,J2,2
919,Guatemala,K1,4
920,Guatemala,M1,2
921,Guatemala,O1,1
922,Guatemala,U3,1
923,Guinea,A2,2
924,Guinea,B1/B2,2
925,Guinea,G2,4
926,Guinea,J2,3
927,Guinea,K1,3
928,Guinea-Bissau,B1/B2,1
929,Guinea-Bissau,F1,1
930,Guinea-Bissau,G1,6
931,Guyana,A1,1
932,Guyana,A2,3
933,Guyana,B1,7
934,Guyana,B1/B2,19
935,Guyana,C1,1
936,Guyana,C1/D,5
937,Guyana,F1,9
938,Guyana,J1,1
939,Guyana,K1,3
940,Guyana,K2,2
941,Haiti,A1,9
942,Haiti,A2,4
943,Haiti,B1/B2,171
944,Haiti,C1,2
945,Haiti,C1/D,2
946,Haiti,C3,9
947,Haiti,F1,5
948,Haiti,G4,5
949,Haiti,J1,7
950,Haiti,K1,97
951,Haiti,K2,23
952,Honduras,A1,18
953,Honduras,A2,11
954,Honduras,B1,2
955,Honduras,C1,4
956,Honduras,C1/D,30
957,Honduras,E1,1
958,Honduras,F1,73
959,Honduras,G4,8
960,Honduras,H1B,1
961,Honduras,H2A,14
962,Honduras,H2B,241
963,Honduras,J1,16
964,Honduras,J2,8
965,Honduras,K1,8
966,Honduras,K2,4
967,Honduras,O1,1
968,Honduras,O3,3
969,Honduras,P1,5
970,Honduras,U1,2
971,Honduras,U3,1
972,Hong Kong S.A.R.,B1/B2,460
973,Hong Kong S.A.R.,C1/D,23
974,Hong Kong S.A.R.,E2,2
975,Hong Kong S.A.R.,F1,73
976,Hong Kong S.A.R.,F2,2
977,Hong Kong S.A.R.,G4,1
978,Hong Kong S.A.R.,H1B,7
979,Hong Kong S.A.R.,H4,4
980,Hong Kong S.A.R.,J1,7
981,Hong Kong S.A.R.,J2,1
982,Hong Kong S.A.R.,K1,3
983,Hong Kong S.A.R.,L1,4
984,Hong Kong S.A.R.,M1,1
985,Hong Kong S.A.R.,R1,1
986,Hong Kong S.A.R.,R2,4
987,Hungary,A2,5
988,Hungary,B1,1
989,Hungary,B1/B2,2
990,Hungary,C1/D,6
991,Hungary,F1,17
992,Hungary,G1,3
993,Hungary,G2,1
994,Hungary,G4,1
995,Hungary,H2B,5
996,Hungary,J1,20
997,Hungary,J2,3
998,Hungary,L1,12
999,Hungary,L2,11
1000,Hungary,M2,1
1001,Hungary,NATO2,6
1002,Hungary,O1,1
1003,Hungary,O3,1
1004,Iceland,F1,4
1005,Iceland,G4,2
1006,Iceland,J1,2
1007,Iceland,J2,1
1008,Iceland,NATO2,1
1009,India,A1,7
1010,India,A2,18
1011,India,A3,7
1012,India,B1,10
1013,India,B2,11
1014,India,C1,36
1015,India,C1/D,898
1016,India,C3,3
1017,India,E2,1
1018,India,E3D,1
1019,India,F2,132
1020,India,G1,8
1021,India,G4,54
1022,India,I,2
1023,India,J1,292
1024,India,J2,114
1025,India,K1,12
1026,India,L1,68
1027,India,L2,169
1028,India,M1,36
1029,India,O1,13
1030,India,O3,7
1031,India,R1,2
1032,India,TD,3
1033,India,U3,3
1034,Indonesia,A1,22
1035,Indonesia,A2,87
1036,Indonesia,B1,2
1037,Indonesia,B1/B2,835
1038,Indonesia,B2,2
1039,Indonesia,C1,37
1040,Indonesia,C1/D,433
1041,Indonesia,C3,2
1042,Indonesia,F1,282
1043,Indonesia,F2,11
1044,Indonesia,G1,33
1045,Indonesia,G4,9
1046,Indonesia,H1B,2
1047,Indonesia,J1,31
1048,Indonesia,J2,10
1049,Indonesia,K1,2
1050,Indonesia,K2,1
1051,Indonesia,M1,1
1052,Indonesia,NATO6,2
1053,Indonesia,O1,1
1054,Indonesia,O3,2
1055,Iran,B1/B2,8
1056,Iran,F1,131
1057,Iran,F2,9
1058,Iran,G1,2
1059,Iran,G4,5
1060,Iran,H1B,1
1061,Iran,J1,16
1062,Iran,J2,7
1063,Iran,K1,7
1064,Iran,K2,1
1065,Iran,P1,1
1066,Iraq,A1,19
1067,Iraq,A2,25
1068,Iraq,B1/B2,22
1069,Iraq,F1,3
1070,Iraq,F2,1
1071,Iraq,G1,16
1072,Iraq,G4,2
1073,Iraq,I,3
1074,Iraq,J1,2
1075,Iraq,K1,1
1076,Ireland,A1,1
1077,Ireland,A2,4
1078,Ireland,B1,5
1079,Ireland,B1/B2,7
1080,Ireland,C1/D,25
1081,Ireland,E2,6
1082,Ireland,F1,37
1083,Ireland,F2,1
1084,Ireland,G1,12
1085,Ireland,G4,4
1086,Ireland,H1B,1
1087,Ireland,J1,10
1088,Ireland,J2,3
1089,Ireland,K1,1
1090,Ireland,L1,7
1091,Ireland,L2,5
1092,Ireland,M1,1
1093,Ireland,O1,7
1094,Ireland,O3,1
1095,Ireland,P1,2
1096,Ireland,R1,1
1097,Israel,A1,2
1098,Israel,A2,87
1099,Israel,B2,16
1100,Israel,C1/D,27
1101,Israel,E1,11
1102,Israel,E2,28
1103,Israel,F1,52
1104,Israel,F2,3
1105,Israel,G1,10
1106,Israel,G2,2
1107,Israel,G4,7
1108,Israel,H1B,7
1109,Israel,H4,16
1110,Israel,I,1
1111,Israel,J1,51
1112,Israel,J2,53
1113,Israel,K1,1
1114,Israel,L1,11
1115,Israel,L2,17
1116,Israel,M1,2
1117,Israel,O1,8
1118,Israel,O3,5
1119,Israel,R1,1
1120,Israel,R2,1
1121,Italy,A1,1
1122,Italy,A2,3
1123,Italy,B1,29
1124,Italy,B1/B2,57
1125,Italy,C1/D,38
1126,Italy,C3,1
1127,Italy,E1,15
1128,Italy,E2,31
1129,Italy,F1,189
1130,Italy,F2,5
1131,Italy,G1,3
1132,Italy,G3,1
1133,Italy,G4,24
1134,Italy,H1B,14
1135,Italy,H2B,2
1136,Italy,H4,7
1137,Italy,I,5
1138,Italy,J1,499
1139,Italy,J2,19
1140,Italy,K1,5
1141,Italy,L1,24
1142,Italy,L2,11
1143,Italy,M1,4
1144,Italy,NATO2,40
1145,Italy,O1,12
1146,Italy,O2,1
1147,Italy,O3,7
1148,Italy,P1,2
1149,Italy,TD,2
1150,Jamaica,A1,3
1151,Jamaica,A2,2
1152,Jamaica,B1,5
1153,Jamaica,C1,12
1154,Jamaica,C1/D,24
1155,Jamaica,C3,3
1156,Jamaica,F1,67
1157,Jamaica,F2,1
1158,Jamaica,G4,4
1159,Jamaica,H2A,1
1160,Jamaica,H2B,393
1161,Jamaica,I,1
1162,Jamaica,J1,53
1163,Jamaica,J2,21
1164,Jamaica,K1,31
1165,Jamaica,K2,11
1166,Japan,A1,17
1167,Japan,A2,89
1168,Japan,B1,41
1169,Japan,B1/B2,98
1170,Japan,C1/D,264
1171,Japan,C3,9
1172,Japan,CW1,2
1173,Japan,E1,163
1174,Japan,E3D,1
1175,Japan,F1,373
1176,Japan,F2,22
1177,Japan,G1,2
1178,Japan,G4,11
1179,Japan,H1B,9
1180,Japan,H2B,13
1181,Japan,H4,4
1182,Japan,I,29
1183,Japan,J1,116
1184,Japan,J2,68
1185,Japan,K1,54
1186,Japan,K2,3
1187,Japan,L1,80
1188,Japan,L2,174
1189,Japan,M1,29
1190,Japan,N8,1
1191,Japan,O1,26
1192,Japan,O2,4
1193,Japan,O3,15
1194,Japan,P1,31
1195,Japan,P3,1
1196,Japan,P4,12
1197,Japan,Q1,1
1198,Japan,R1,13
1199,Japan,R2,2
1200,Jordan,A1,5
1201,Jordan,A2,73
1202,Jordan,B1/B2,36
1203,Jordan,C1/D,4
1204,Jordan,F1,34
1205,Jordan,F2,6
1206,Jordan,G4,1
1207,Jordan,H1B,4
1208,Jordan,H4,2
1209,Jordan,I,1
1210,Jordan,J1,15
1211,Jordan,J2,2
1212,Jordan,K1,10
1213,Jordan,L1,1
1214,Jordan,O1,1
1215,Jordan,O3,3
1216,Kazakhstan,B1,2
1217,Kazakhstan,B1/B2,457
1218,Kazakhstan,D,3
1219,Kazakhstan,E2,10
1220,Kazakhstan,F1,76
1221,Kazakhstan,F2,27
1222,Kazakhstan,G4,4
1223,Kazakhstan,H1B,3
1224,Kazakhstan,J1,8
1225,Kazakhstan,J2,4
1226,Kazakhstan,K1,6
1227,Kazakhstan,K2,3
1228,Kazakhstan,L1,1
1229,Kazakhstan,O1,1
1230,Kazakhstan,P1,1
1231,Kazakhstan,R1,1
1232,Kenya,A1,1
1233,Kenya,A2,9
1234,Kenya,B1/B2,38
1235,Kenya,C1/D,3
1236,Kenya,E2,1
1237,Kenya,F1,152
1238,Kenya,F2,19
1239,Kenya,G1,2
1240,Kenya,G2,3
1241,Kenya,G4,21
1242,Kenya,J1,17
1243,Kenya,J2,6
1244,Kenya,K1,15
1245,Kenya,K2,2
1246,Kenya,M1,2
1247,Kenya,P1,2
1248,"Korea, North",G3,3
1249,"Korea, South",A1,8
1250,"Korea, South",A2,31
1251,"Korea, South",B1/B2,96
1252,"Korea, South",B2,1
1253,"Korea, South",C1/D,148
1254,"Korea, South",CW1,6
1255,"Korea, South",CW2,4
1256,"Korea, South",E1,17
1257,"Korea, South",E2,285
1258,"Korea, South",F2,213
1259,"Korea, South",G1,4
1260,"Korea, South",G4,31
1261,"Korea, South",H1B,74
1262,"Korea, South",H4,25
1263,"Korea, South",I,10
1264,"Korea, South",J1,412
1265,"Korea, South",J2,183
1266,"Korea, South",K1,44
1267,"Korea, South",L1,72
1268,"Korea, South",L2,102
1269,"Korea, South",M1,22
1270,"Korea, South",O1,25
1271,"Korea, South",O3,6
1272,"Korea, South",P1,5
1273,"Korea, South",P4,1
1274,"Korea, South",R1,30
1275,"Korea, South",R2,27
1276,"Korea, South",TD,1
1277,Kosovo,A2,1
1278,Kosovo,B1/B2,15
1279,Kosovo,F1,12
1280,Kosovo,F2,3
1281,Kosovo,J1,3
1282,Kosovo,K1,2
1283,Kuwait,B1/B2,98
1284,Kuwait,C1/D,4
1285,Kuwait,F1,295
1286,Kuwait,F2,23
1287,Kuwait,G4,1
1288,Kyrgyzstan,B1/B2,4
1289,Kyrgyzstan,E2,2
1290,Kyrgyzstan,F1,28
1291,Kyrgyzstan,G1,3
1292,Kyrgyzstan,G4,2
1293,Kyrgyzstan,J1,1
1294,Kyrgyzstan,K1,1
1295,Kyrgyzstan,L2,1
1296,Laos,A1,4
1297,Laos,A2,2
1298,Laos,G1,5
1299,Latvia,B1/B2,5
1300,Latvia,C1/D,51
1301,Latvia,F1,5
1302,Latvia,G1,1
1303,Latvia,J1,2
1304,Latvia,L1,1
1305,Latvia,L2,2
1306,Latvia,NATO2,2
1307,Latvia,P1,2
1308,Latvia,P4,1
1309,Lebanon,A1,5
1310,Lebanon,A2,15
1311,Lebanon,A3,1
1312,Lebanon,B1,1
1313,Lebanon,B1/B2,81
1314,Lebanon,C1/D,4
1315,Lebanon,F1,98
1316,Lebanon,G1,1
1317,Lebanon,G4,4
1318,Lebanon,H1B,8
1319,Lebanon,H4,4
1320,Lebanon,I,3
1321,Lebanon,J1,33
1322,Lebanon,J2,3
1323,Lebanon,K1,4
1324,Lebanon,K2,1
1325,Lebanon,L1,1
1326,Lebanon,L2,1
1327,Lebanon,M1,1
1328,Lebanon,O1,1
1329,Lebanon,P1,1
1330,Lesotho,F1,3
1331,Liberia,A1,3
1332,Liberia,A2,5
1333,Liberia,B1/B2,17
1334,Liberia,C1/D,1
1335,Liberia,F1,8
1336,Liberia,G4,2
1337,Liberia,J1,2
1338,Liberia,K1,12
1339,Liberia,K2,2
1340,Libya,A1,7
1341,Libya,D,1
1342,Libya,F1,13
1343,Libya,F2,14
1344,Libya,G4,2
1345,Libya,H1B,1
1346,Libya,J1,4
1347,Libya,K1,2
1348,Liechtenstein,B1/B2,1
1349,Liechtenstein,F1,2
1350,Lithuania,A2,3
1351,Lithuania,C1/D,12
1352,Lithuania,F1,10
1353,Lithuania,J1,6
1354,Lithuania,K1,1
1355,Lithuania,L1,2
1356,Lithuania,L2,1
1357,Lithuania,O1,1
1358,Lithuania,P1,1
1359,Luxembourg,B1/B2,1
1360,Luxembourg,J1,3
1361,Luxembourg,L1,1
1362,Luxembourg,NATO2,1
1363,Macau S.A.R.,B1/B2,2
1364,Macau S.A.R.,F1,2
1365,Macau S.A.R.,G4,3
1366,Macau S.A.R.,H4,1
1367,Madagascar,A2,6
1368,Madagascar,B1/B2,3
1369,Madagascar,C1,2
1370,Madagascar,F1,8
1371,Madagascar,F2,2
1372,Madagascar,G1,6
1373,Madagascar,G4,7
1374,Madagascar,J1,3
1375,Madagascar,K1,3
1376,Madagascar,M1,1
1377,Malawi,B1/B2,1
1378,Malawi,C3,1
1379,Malawi,F1,8
1380,Malawi,F2,6
1381,Malawi,G4,3
1382,Malawi,J1,2
1383,Malaysia,A1,9
1384,Malaysia,A2,4
1385,Malaysia,B1,6
1386,Malaysia,B1/B2,111
1387,Malaysia,C1/D,83
1388,Malaysia,F1,103
1389,Malaysia,G1,5
1390,Malaysia,G4,2
1391,Malaysia,H1B,2
1392,Malaysia,J1,7
1393,Malaysia,J2,3
1394,Malaysia,K1,9
1395,Malaysia,K2,2
1396,Malaysia,L1,3
1397,Malaysia,L2,3
1398,Malaysia,M1,38
1399,Maldives,A2,1
1400,Maldives,M1,1
1401,Mali,B1/B2,8
1402,Mali,B2,1
1403,Mali,F1,6
1404,Mali,G1,1
1405,Mali,G4,2
1406,Mali,J1,1
1407,Mali,K1,1
1408,Malta,A2,2
1409,Malta,B1,1
1410,Malta,B1/B2,1
1411,Malta,C1/D,3
1412,Malta,F1,2
1413,Malta,G1,1
1414,Malta,J1,1
1415,Mauritania,B1/B2,1
1416,Mauritania,F1,3
1417,Mauritania,G1,2
1418,Mauritania,H1B,1
1419,Mauritania,J1,1
1420,Mauritius,B1/B2,7
1421,Mauritius,C1/D,7
1422,Mauritius,F1,4
1423,Mauritius,J1,3
1424,Mexico,A1,17
1425,Mexico,A2,74
1426,Mexico,B1,138
1427,Mexico,B1/B2,79
1428,Mexico,B2,2
1429,Mexico,C1,5
1430,Mexico,C1/D,100
1431,Mexico,D,22
1432,Mexico,E1,23
1433,Mexico,E2,48
1434,Mexico,E3D,1
1435,Mexico,F1,492
1436,Mexico,F2,44
1437,Mexico,G1,1
1438,Mexico,G4,15
1439,Mexico,G5,2
1440,Mexico,H1B,182
1441,Mexico,H4,141
1442,Mexico,I,23
1443,Mexico,J1,370
1444,Mexico,J2,35
1445,Mexico,K1,18
1446,Mexico,K2,4
1447,Mexico,L1,214
1448,Mexico,L2,239
1449,Mexico,M1,11
1450,Mexico,M2,4
1451,Mexico,NATO2,1
1452,Mexico,O1,56
1453,Mexico,O2,104
1454,Mexico,O3,4
1455,Mexico,P1,281
1456,Mexico,P4,9
1457,Mexico,R1,15
1458,Mexico,R2,10
1459,Mexico,T3,1
1460,Mexico,TD,985
1461,Mexico,U1,9
1462,Mexico,U2,3
1463,Mexico,U3,35
1464,Mexico,U5,1
1465,"Micronesia, Federated States Of",A1,2
1466,Moldova,A2,1
1467,Moldova,B1/B2,3
1468,Moldova,F1,3
1469,Moldova,G4,3
1470,Moldova,J1,1
1471,Moldova,K1,6
1472,Mongolia,A2,6
1473,Mongolia,B1/B2,2
1474,Mongolia,F1,24
1475,Mongolia,F2,10
1476,Mongolia,G4,1
1477,Mongolia,H1B,1
1478,Mongolia,H4,2
1479,Mongolia,J1,8
1480,Mongolia,J2,3
1481,Montenegro,B1,1
1482,Montenegro,B1/B2,6
1483,Montenegro,C1/D,89
1484,Montenegro,F1,5
1485,Montenegro,J1,3
1486,Montenegro,K1,2
1487,Morocco,A1,1
1488,Morocco,A2,21
1489,Morocco,A3,2
1490,Morocco,B1/B2,105
1491,Morocco,C1/D,5
1492,Morocco,E2,1
1493,Morocco,F1,38
1494,Morocco,G1,3
1495,Morocco,G4,5
1496,Morocco,H4,1
1497,Morocco,I,2
1498,Morocco,J1,11
1499,Morocco,J2,2
1500,Morocco,K1,5
1501,Mozambique,A1,4
1502,Mozambique,A2,5
1503,Mozambique,B1,2
1504,Mozambique,B1/B2,1
1505,Mozambique,F1,14
1506,Mozambique,G1,5
1507,Mozambique,G4,5
1508,Mozambique,J1,3
1509,Mozambique,O1,1
1510,Namibia,A1,1
1511,Namibia,B1/B2,30
1512,Namibia,C1/D,1
1513,Namibia,F1,8
1514,Namibia,J1,1
1515,Namibia,P1,1
1516,Nepal,A1,5
1517,Nepal,A2,7
1518,Nepal,B1,2
1519,Nepal,B1/B2,582
1520,Nepal,B2,1
1521,Nepal,C1/D,1
1522,Nepal,F1,210
1523,Nepal,F2,7
1524,Nepal,G1,6
1525,Nepal,G4,21
1526,Nepal,H4,2
1527,Nepal,J1,9
1528,Nepal,J2,5
1529,Nepal,K1,17
1530,Nepal,K2,3
1531,Nepal,O1,1
1532,Netherlands,A1,13
1533,Netherlands,A2,12
1534,Netherlands,A3,1
1535,Netherlands,B1,5
1536,Netherlands,B1/B2,23
1537,Netherlands,C1/D,42
1538,Netherlands,E2,11
1539,Netherlands,F1,69
1540,Netherlands,F2,1
1541,Netherlands,G1,2
1542,Netherlands,G2,1
1543,Netherlands,G4,8
1544,Netherlands,H1B,2
1545,Netherlands,I,1
1546,Netherlands,J1,37
1547,Netherlands,J2,6
1548,Netherlands,K1,1
1549,Netherlands,L1,9
1550,Netherlands,L2,16
1551,Netherlands,M1,3
1552,Netherlands,NATO2,14
1553,Netherlands,O1,5
1554,Netherlands,O2,5
1555,Netherlands,O3,4
1556,Netherlands,P1,3
1557,Netherlands,P4,1
1558,Netherlands,R1,2
1559,Netherlands,R2,4
1560,New Zealand,A1,2
1561,New Zealand,A2,7
1562,New Zealand,B1,1
1563,New Zealand,B1/B2,39
1564,New Zealand,B2,1
1565,New Zealand,C1/D,7
1566,New Zealand,C3,13
1567,New Zealand,E2,11
1568,New Zealand,E3,1
1569,New Zealand,E3D,2
1570,New Zealand,F1,36
1571,New Zealand,G1,1
1572,New Zealand,G4,1
1573,New Zealand,H1B,4
1574,New Zealand,H2A,2
1575,New Zealand,H2B,3
1576,New Zealand,H4,2
1577,New Zealand,I,2
1578,New Zealand,J1,14
1579,New Zealand,J2,1
1580,New Zealand,K1,4
1581,New Zealand,L1,4
1582,New Zealand,L2,9
1583,New Zealand,M1,1
1584,New Zealand,O1,10
1585,New Zealand,O2,1
1586,New Zealand,O3,1
1587,New Zealand,P1,4
1588,New Zealand,P4,3
1589,New Zealand,R1,1
1590,New Zealand,R2,4
1591,Nicaragua,A1,1
1592,Nicaragua,A2,1
1593,Nicaragua,B1,1
1594,Nicaragua,B1/B2,33
1595,Nicaragua,C1,1
1596,Nicaragua,C1/D,2
1597,Nicaragua,F1,15
1598,Nicaragua,G1,4
1599,Nicaragua,G4,3
1600,Nicaragua,H2A,60
1601,Nicaragua,H3,3
1602,Nicaragua,J1,3
1603,Nicaragua,K1,10
1604,Nicaragua,K2,1
1605,Nicaragua,M1,1
1606,Nicaragua,T5,1
1607,Niger,A1,3
1608,Niger,A2,3
1609,Niger,F1,13
1610,Niger,G4,3
1611,Niger,J1,1
1612,Nigeria,A1,18
1613,Nigeria,A2,38
1614,Nigeria,B1,1
1615,Nigeria,B1/B2,213
1616,Nigeria,C1,3
1617,Nigeria,C1/D,4
1618,Nigeria,C3,1
1619,Nigeria,F1,658
1620,Nigeria,F2,52
1621,Nigeria,G1,12
1622,Nigeria,G4,35
1623,Nigeria,H1B,4
1624,Nigeria,H4,2
1625,Nigeria,I,1
1626,Nigeria,J1,25
1627,Nigeria,J2,18
1628,Nigeria,K1,5
1629,Nigeria,L1,1
1630,Nigeria,L2,1
1631,Nigeria,M1,3
1632,Nigeria,O1,1
1633,Nigeria,O2,1
1634,Nigeria,O3,3
1635,Nigeria,R1,1
1636,*Non-Nationality Based Issuances,A2,1
1637,*Non-Nationality Based Issuances,B1/B2,12
1638,*Non-Nationality Based Issuances,C1/D,11
1639,*Non-Nationality Based Issuances,F1,5
1640,*Non-Nationality Based Issuances,F2,2
1641,*Non-Nationality Based Issuances,G4,4
1642,*Non-Nationality Based Issuances,J1,3
1643,*Non-Nationality Based Issuances,K1,1
1644,North Macedonia,A2,1
1645,North Macedonia,B1/B2,7
1646,North Macedonia,C1/D,1
1647,North Macedonia,F1,4
1648,North Macedonia,H2B,43
1649,North Macedonia,K1,1
1650,Norway,A1,1
1651,Norway,A2,6
1652,Norway,B1,24
1653,Norway,B1/B2,4
1654,Norway,C1/D,30
1655,Norway,E2,10
1656,Norway,F1,44
1657,Norway,F2,2
1658,Norway,G1,2
1659,Norway,G4,3
1660,Norway,H1B,3
1661,Norway,J1,6
1662,Norway,K1,2
1663,Norway,L1,2
1664,Norway,L2,3
1665,Norway,M1,13
1666,Norway,M2,1
1667,Norway,NATO2,47
1668,Norway,O1,4
1669,Norway,O2,1
1670,Norway,P1,1
1671,Oman,A1,14
1672,Oman,A2,8
1673,Oman,B1/B2,38
1674,Oman,C1/D,8
1675,Oman,F1,86
1676,Oman,K1,2
1677,Oman,L1,1
1678,Pakistan,A1,5
1679,Pakistan,A2,40
1680,Pakistan,A3,1
1681,Pakistan,B1,1
1682,Pakistan,B1/B2,190
1683,Pakistan,C1/D,6
1684,Pakistan,E2,11
1685,Pakistan,E3D,1
1686,Pakistan,F1,351
1687,Pakistan,F2,28
1688,Pakistan,G1,2
1689,Pakistan,G4,32
1690,Pakistan,H1B,44
1691,Pakistan,H4,37
1692,Pakistan,I,1
1693,Pakistan,J1,129
1694,Pakistan,J2,52
1695,Pakistan,K1,8
1696,Pakistan,L1,5
1697,Pakistan,L2,10
1698,Pakistan,N8,1
1699,Pakistan,O1,4
1700,Pakistan,O2,1
1701,Pakistan,O3,1
1702,Pakistan,P4,2
1703,Pakistan,R1,2
1704,Pakistan,R2,10
1705,Pakistan,TD,2
1706,Palestinian Authority Travel Document,B1,1
1707,Palestinian Authority Travel Document,B1/B2,36
1708,Palestinian Authority Travel Document,F1,18
1709,Palestinian Authority Travel Document,F2,2
1710,Palestinian Authority Travel Document,I,2
1711,Palestinian Authority Travel Document,J1,1
1712,Panama,A2,20
1713,Panama,B1,2
1714,Panama,B1/B2,386
1715,Panama,B2,1
1716,Panama,C1/D,54
1717,Panama,E2,5
1718,Panama,F1,149
1719,Panama,G4,1
1720,Panama,H1B,1
1721,Panama,H4,2
1722,Panama,J1,46
1723,Panama,J2,2
1724,Panama,K1,5
1725,Panama,K2,1
1726,Panama,L1,1
1727,Panama,L2,3
1728,Panama,M1,4
1729,Panama,O1,1
1730,Panama,P1,2
1731,Panama,U3,1
1732,Papua New Guinea,B1,1
1733,Papua New Guinea,B1/B2,1
1734,Papua New Guinea,F1,5
1735,Paraguay,A1,1
1736,Paraguay,A2,1
1737,Paraguay,B1,8
1738,Paraguay,B1/B2,151
1739,Paraguay,F1,35
1740,Paraguay,F2,1
1741,Paraguay,H1B,1
1742,Paraguay,J1,53
1743,Paraguay,K1,1
1744,Paraguay,R1,1
1745,Paraguay,TD,1
1746,Peru,A1,5
1747,Peru,A2,6
1748,Peru,B1,3
1749,Peru,C1,2
1750,Peru,C1/D,112
1751,Peru,F1,288
1752,Peru,F2,19
1753,Peru,G4,15
1754,Peru,H2A,40
1755,Peru,H4,4
1756,Peru,J1,17
1757,Peru,J2,3
1758,Peru,K1,2
1759,Peru,L1,2
1760,Peru,L2,1
1761,Peru,M1,7
1762,Peru,O1,2
1763,Peru,O3,2
1764,Philippines,A1,4
1765,Philippines,A2,31
1766,Philippines,A3,5
1767,Philippines,B1,231
1768,Philippines,B2,1
1769,Philippines,C1,98
1770,Philippines,CW1,2
1771,Philippines,E2,5
1772,Philippines,F1,56
1773,Philippines,F2,8
1774,Philippines,G1,3
1775,Philippines,G4,20
1776,Philippines,H1B,51
1777,Philippines,H2B,86
1778,Philippines,H4,15
1779,Philippines,I,1
1780,Philippines,J1,92
1781,Philippines,J2,79
1782,Philippines,K1,108
1783,Philippines,K2,38
1784,Philippines,L1,4
1785,Philippines,L2,1
1786,Philippines,M1,2
1787,Philippines,P1,1
1788,Philippines,R1,1
1789,Philippines,T3,2
1790,Philippines,T4,2
1791,Philippines,T6,4
1792,Philippines,TD,1
1793,Poland,A1,12
1794,Poland,A2,1
1795,Poland,B1,8
1796,Poland,B1/B2,44
1797,Poland,C1/D,85
1798,Poland,E1,1
1799,Poland,E2,18
1800,Poland,F1,36
1801,Poland,F2,1
1802,Poland,G4,9
1803,Poland,H1B,4
1804,Poland,H2B,23
1805,Poland,H4,1
1806,Poland,J1,49
1807,Poland,J2,11
1808,Poland,K1,2
1809,Poland,L1,13
1810,Poland,L2,15
1811,Poland,NATO2,14
1812,Poland,NATO4,2
1813,Poland,O1,6
1814,Poland,O2,1
1815,Poland,O3,2
1816,Poland,R1,1
1817,Portugal,A1,2
1818,Portugal,A2,5
1819,Portugal,B1/B2,6
1820,Portugal,C1/D,44
1821,Portugal,E2,1
1822,Portugal,F1,36
1823,Portugal,F2,1
1824,Portugal,G1,4
1825,Portugal,G2,1
1826,Portugal,G4,3
1827,Portugal,H1B,2
1828,Portugal,J1,21
1829,Portugal,J2,3
1830,Portugal,L1,9
1831,Portugal,L2,6
1832,Portugal,NATO1,1
1833,Qatar,A1,3
1834,Qatar,A2,27
1835,Qatar,B1/B2,118
1836,Qatar,C1/D,3
1837,Qatar,F1,19
1838,Qatar,I,1
1839,Qatar,J1,1
1840,Qatar,J2,1
1841,Romania,A1,1
1842,Romania,B1,10
1843,Romania,B1/B2,44
1844,Romania,C1/D,210
1845,Romania,E2,1
1846,Romania,F1,16
1847,Romania,G4,9
1848,Romania,H2A,14
1849,Romania,H2B,119
1850,Romania,J1,10
1851,Romania,K1,2
1852,Romania,L1,2
1853,Romania,L2,4
1854,Romania,NATO2,37
1855,Russia,A1,8
1856,Russia,A2,38
1857,Russia,B1,1
1858,Russia,B1/B2,185
1859,Russia,B2,3
1860,Russia,C1/D,880
1861,Russia,E2,4
1862,Russia,F1,261
1863,Russia,F2,9
1864,Russia,G1,8
1865,Russia,G2,2
1866,Russia,G4,25
1867,Russia,H1B,1
1868,Russia,H4,4
1869,Russia,J1,17
1870,Russia,J2,3
1871,Russia,K1,5
1872,Russia,K2,3
1873,Russia,L1,4
1874,Russia,L2,4
1875,Russia,M1,1
1876,Russia,O1,8
1877,Russia,O3,1
1878,Russia,P1,7
1879,Russia,P4,2
1880,Rwanda,A1,2
1881,Rwanda,B1/B2,6
1882,Rwanda,C1,4
1883,Rwanda,F1,40
1884,Rwanda,F2,3
1885,Rwanda,G4,1
1886,Rwanda,J1,2
1887,Rwanda,K1,10
1888,Saint Kitts And Nevis,A2,1
1889,Saint Kitts And Nevis,B1/B2,49
1890,Saint Kitts And Nevis,F1,4
1891,Saint Kitts And Nevis,G1,1
1892,Saint Kitts And Nevis,M1,1
1893,Saint Lucia,B1,4
1894,Saint Lucia,B1/B2,63
1895,Saint Lucia,C1/D,1
1896,Saint Lucia,F1,4
1897,Saint Lucia,G1,1
1898,Saint Lucia,O1,1
1899,Saint Vincent And The Grenadines,B1,138
1900,Saint Vincent And The Grenadines,B1/B2,21
1901,Saint Vincent And The Grenadines,B2,1
1902,Saint Vincent And The Grenadines,C1,1
1903,Saint Vincent And The Grenadines,F1,1
1904,Saint Vincent And The Grenadines,K1,1
1905,Sao Tome And Principe,G1,1
1906,Saudi Arabia,A1,49
1907,Saudi Arabia,A2,141
1908,Saudi Arabia,B1/B2,162
1909,Saudi Arabia,B2,1
1910,Saudi Arabia,D,23
1911,Saudi Arabia,F1,524
1912,Saudi Arabia,F2,221
1913,Saudi Arabia,G1,4
1914,Saudi Arabia,G2,4
1915,Saudi Arabia,G4,1
1916,Saudi Arabia,H1B,4
1917,Saudi Arabia,H4,2
1918,Saudi Arabia,J1,7
1919,Saudi Arabia,J2,14
1920,Saudi Arabia,K1,3
1921,Saudi Arabia,L2,15
1922,Saudi Arabia,M1,13
1923,Saudi Arabia,M2,1
1924,Senegal,A1,7
1925,Senegal,A2,9
1926,Senegal,B1/B2,7
1927,Senegal,C1,1
1928,Senegal,D,1
1929,Senegal,F1,27
1930,Senegal,G1,7
1931,Senegal,G2,1
1932,Senegal,G4,5
1933,Senegal,J1,2
1934,Senegal,K1,3
1935,Senegal,L2,1
1936,Senegal,P1,2
1937,Serbia,A1,8
1938,Serbia,B1,1
1939,Serbia,B1/B2,55
1940,Serbia,C1,1
1941,Serbia,C1/D,27
1942,Serbia,E2,3
1943,Serbia,F1,76
1944,Serbia,G4,5
1945,Serbia,H1B,4
1946,Serbia,H2B,191
1947,Serbia,J1,6
1948,Serbia,J2,3
1949,Serbia,K1,3
1950,Serbia,K2,1
1951,Serbia,O1,2
1952,Sierra Leone,A2,8
1953,Sierra Leone,B1/B2,2
1954,Sierra Leone,J2,2
1955,Singapore,A1,1
1956,Singapore,A2,53
1957,Singapore,B1,2
1958,Singapore,B1/B2,26
1959,Singapore,C1/D,160
1960,Singapore,E2,6
1961,Singapore,F1,68
1962,Singapore,G4,2
1963,Singapore,H1B,15
1964,Singapore,H1B1,41
1965,Singapore,H3,1
1966,Singapore,H4,10
1967,Singapore,J1,4
1968,Singapore,K1,2
1969,Singapore,L1,3
1970,Singapore,L2,4
1971,Singapore,O1,5
1972,Singapore,O3,1
1973,Singapore,P1,1
1974,Singapore,R2,1
1975,Slovakia,A1,2
1976,Slovakia,A2,1
1977,Slovakia,B1,6
1978,Slovakia,B1/B2,4
1979,Slovakia,C1/D,2
1980,Slovakia,E2,1
1981,Slovakia,F1,13
1982,Slovakia,G2,2
1983,Slovakia,G4,5
1984,Slovakia,J1,15
1985,Slovakia,J2,3
1986,Slovakia,K1,1
1987,Slovakia,L1,1
1988,Slovakia,L2,4
1989,Slovakia,O1,1
1990,Slovakia,P1,5
1991,Slovakia,P2,1
1992,Slovenia,A1,5
1993,Slovenia,A2,7
1994,Slovenia,B1/B2,2
1995,Slovenia,C1/D,3
1996,Slovenia,E1,1
1997,Slovenia,F1,6
1998,Slovenia,G4,1
1999,Slovenia,J1,1
2000,Slovenia,L1,1
2001,Slovenia,NATO2,2
2002,Slovenia,O1,1
2003,Slovenia,P1,1
2004,Somalia,A2,1
2005,Somalia,F1,3
2006,Somalia,G4,2
2007,Somalia,K1,1
2008,South Africa,A1,6
2009,South Africa,A2,5
2010,South Africa,A3,1
2011,South Africa,B1,7
2012,South Africa,B1/B2,105
2013,South Africa,C1,2
2014,South Africa,C1/D,18
2015,South Africa,F1,113
2016,South Africa,F2,1
2017,South Africa,G1,10
2018,South Africa,G4,4
2019,South Africa,H1B,2
2020,South Africa,H2A,30
2021,South Africa,H2B,101
2022,South Africa,H4,3
2023,South Africa,I,1
2024,South Africa,J1,134
2025,South Africa,J2,4
2026,South Africa,K1,6
2027,South Africa,K2,1
2028,South Africa,L1,10
2029,South Africa,L2,21
2030,South Africa,M1,2
2031,South Africa,O1,3
2032,South Africa,O3,1
2033,South Africa,P1,2
2034,South Africa,P4,2
2035,South Sudan,A1,2
2036,South Sudan,F1,7
2037,South Sudan,K1,4
2038,Spain,A1,1
2039,Spain,A2,51
2040,Spain,B1,29
2041,Spain,B1/B2,15
2042,Spain,B2,1
2043,Spain,C1/D,41
2044,Spain,E1,11
2045,Spain,E2,108
2046,Spain,F1,251
2047,Spain,F2,4
2048,Spain,G1,2
2049,Spain,G2,1
2050,Spain,G3,1
2051,Spain,G4,14
2052,Spain,H1B,18
2053,Spain,H4,4
2054,Spain,I,9
2055,Spain,J1,308
2056,Spain,J2,32
2057,Spain,K1,2
2058,Spain,L1,43
2059,Spain,L2,40
2060,Spain,M1,1
2061,Spain,NATO2,20
2062,Spain,O1,12
2063,Spain,O3,2
2064,Spain,P1,4
2065,Spain,P4,1
2066,Spain,R2,1
2067,Sri Lanka,A1,2
2068,Sri Lanka,A2,3
2069,Sri Lanka,A3,1
2070,Sri Lanka,B1,1
2071,Sri Lanka,B1/B2,46
2072,Sri Lanka,C1/D,20
2073,Sri Lanka,E2,1
2074,Sri Lanka,F1,18
2075,Sri Lanka,F2,6
2076,Sri Lanka,G1,2
2077,Sri Lanka,G4,2
2078,Sri Lanka,G5,2
2079,Sri Lanka,J1,1
2080,Sri Lanka,J2,3
2081,Sri Lanka,K1,1
2082,Sri Lanka,M1,1
2083,Sri Lanka,O1,2
2084,Sri Lanka,R1,1
2085,Sudan,A1,5
2086,Sudan,B1,1
2087,Sudan,B1/B2,18
2088,Sudan,D,1
2089,Sudan,F1,21
2090,Sudan,F2,1
2091,Sudan,G4,1
2092,Sudan,H1B,2
2093,Sudan,I,2
2094,Sudan,J1,4
2095,Sudan,J2,7
2096,Sudan,K1,1
2097,Sudan,K2,1
2098,Suriname,A2,2
2099,Suriname,B1/B2,53
2100,Suriname,J1,1
2101,Sweden,A2,36
2102,Sweden,B1,2
2103,Sweden,B1/B2,16
2104,Sweden,B2,3
2105,Sweden,C1/D,18
2106,Sweden,E1,1
2107,Sweden,E2,20
2108,Sweden,F1,97
2109,Sweden,F2,5
2110,Sweden,G4,15
2111,Sweden,H1B,5
2112,Sweden,I,6
2113,Sweden,J1,17
2114,Sweden,J2,3
2115,Sweden,K1,1
2116,Sweden,L1,3
2117,Sweden,L2,6
2118,Sweden,M1,1
2119,Sweden,O1,7
2120,Sweden,O3,8
2121,Sweden,P1,17
2122,Sweden,P4,1
2123,Switzerland,A1,1
2124,Switzerland,A2,12
2125,Switzerland,B1/B2,27
2126,Switzerland,C1/D,22
2127,Switzerland,C3,2
2128,Switzerland,E2,11
2129,Switzerland,F1,62
2130,Switzerland,F2,2
2131,Switzerland,G1,1
2132,Switzerland,G4,8
2133,Switzerland,H1B,5
2134,Switzerland,I,2
2135,Switzerland,J1,36
2136,Switzerland,J2,2
2137,Switzerland,K1,4
2138,Switzerland,K2,1
2139,Switzerland,L1,9
2140,Switzerland,L2,9
2141,Switzerland,M1,1
2142,Switzerland,O1,1
2143,Switzerland,P1,1
2144,Syria,B1,1
2145,Syria,B1/B2,10
2146,Syria,E2,1
2147,Syria,F1,7
2148,Syria,F2,1
2149,Syria,K1,5
2150,Syria,K2,1
2151,Syria,TD,1
2152,Tajikistan,A1,5
2153,Tajikistan,B1/B2,5
2154,Tajikistan,F1,6
2155,Tajikistan,G1,3
2156,Tajikistan,G4,3
2157,Tajikistan,J1,1
2158,Tanzania,B1/B2,32
2159,Tanzania,C1,4
2160,Tanzania,F1,42
2161,Tanzania,F2,1
2162,Tanzania,G1,1
2163,Tanzania,G4,1
2164,Tanzania,H1B,1
2165,Tanzania,J1,6
2166,Tanzania,K1,2
2167,Tanzania,M1,1
2168,Thailand,A1,1
2169,Thailand,A2,14
2170,Thailand,B1,2
2171,Thailand,B1/B2,205
2172,Thailand,C1,1
2173,Thailand,C1/D,96
2174,Thailand,E2,9
2175,Thailand,F1,44
2176,Thailand,G4,1
2177,Thailand,H1B,4
2178,Thailand,H4,1
2179,Thailand,J1,18
2180,Thailand,J2,1
2181,Thailand,K1,31
2182,Thailand,K2,6
2183,Thailand,L1,1
2184,Thailand,L2,1
2185,Thailand,O1,1
2186,Thailand,P1,2
2187,Thailand,R1,5
2188,Thailand,TD,2
2189,Timor-Leste,G1,3
2190,Timor-Leste,J1,1
2191,Togo,A2,1
2192,Togo,B1/B2,1
2193,Togo,F1,13
2194,Togo,G1,1
2195,Togo,G4,1
2196,Togo,J1,5
2197,Togo,J2,2
2198,Togo,K1,1
2199,Tonga,B1/B2,1
2200,Tonga,J1,1
2201,Trinidad And Tobago,A1,1
2202,Trinidad And Tobago,A2,2
2203,Trinidad And Tobago,B1/B2,364
2204,Trinidad And Tobago,C1,12
2205,Trinidad And Tobago,C1/D,2
2206,Trinidad And Tobago,C3,2
2207,Trinidad And Tobago,F1,29
2208,Trinidad And Tobago,G4,10
2209,Trinidad And Tobago,H1B,1
2210,Trinidad And Tobago,J1,4
2211,Trinidad And Tobago,J2,2
2212,Trinidad And Tobago,L1,1
2213,Trinidad And Tobago,P4,1
2214,Tunisia,A1,3
2215,Tunisia,A2,11
2216,Tunisia,B1/B2,52
2217,Tunisia,C1/D,3
2218,Tunisia,F1,25
2219,Tunisia,G4,1
2220,Tunisia,H1B,2
2221,Tunisia,I,1
2222,Tunisia,J1,8
2223,Tunisia,J2,3
2224,Tunisia,K1,5
2225,Tunisia,M1,1
2226,Turkey,A1,1
2227,Turkey,A2,1
2228,Turkey,B1/B2,337
2229,Turkey,C1/D,113
2230,Turkey,E2,4
2231,Turkey,F1,148
2232,Turkey,F2,5
2233,Turkey,G4,8
2234,Turkey,H1B,4
2235,Turkey,H4,6
2236,Turkey,I,1
2237,Turkey,J1,89
2238,Turkey,J2,40
2239,Turkey,K1,1
2240,Turkey,L1,5
2241,Turkey,L2,7
2242,Turkey,NATO2,2
2243,Turkey,O1,1
2244,Turkey,O3,5
2245,Turkey,R1,1
2246,Turkey,TD,1
2247,Turkmenistan,A3,1
2248,Turkmenistan,F1,1
2249,Turkmenistan,F2,2
2250,Turkmenistan,G4,5
2251,Turkmenistan,M1,1
2252,Turks And Caicos Islands,B1/B2,1
2253,Turks And Caicos Islands,F1,2
2254,Uganda,A1,2
2255,Uganda,A2,1
2256,Uganda,B1/B2,40
2257,Uganda,F1,46
2258,Uganda,G4,11
2259,Uganda,J1,4
2260,Uganda,K1,11
2261,Uganda,K2,2
2262,Ukraine,A1,3
2263,Ukraine,A2,57
2264,Ukraine,B1,7
2265,Ukraine,B1/B2,122
2266,Ukraine,C1/D,186
2267,Ukraine,E2,1
2268,Ukraine,F1,49
2269,Ukraine,G1,2
2270,Ukraine,G4,8
2271,Ukraine,H1B,1
2272,Ukraine,H2A,5
2273,Ukraine,H2B,354
2274,Ukraine,H4,2
2275,Ukraine,I,1
2276,Ukraine,J1,11
2277,Ukraine,J2,5
2278,Ukraine,K1,20
2279,Ukraine,K2,6
2280,Ukraine,L1,2
2281,Ukraine,L2,4
2282,Ukraine,O3,2
2283,Ukraine,R1,3
2284,Ukraine,R2,5
2285,United Arab Emirates,A1,11
2286,United Arab Emirates,A2,43
2287,United Arab Emirates,A3,1
2288,United Arab Emirates,B1/B2,193
2289,United Arab Emirates,D,2
2290,United Arab Emirates,F1,51
2291,United Arab Emirates,F2,6
2292,United Arab Emirates,G1,1
2293,United Arab Emirates,J1,4
2294,Uruguay,A1,2
2295,Uruguay,A2,1
2296,Uruguay,B1/B2,415
2297,Uruguay,C1/D,3
2298,Uruguay,C3,1
2299,Uruguay,E2,1
2300,Uruguay,F1,11
2301,Uruguay,G4,5
2302,Uruguay,H2A,10
2303,Uruguay,J1,13
2304,Uruguay,J2,2
2305,Uruguay,K1,2
2306,Uruguay,L2,4
2307,Uruguay,M1,2
2308,Uruguay,O1,3
2309,Uruguay,O3,1
2310,Uzbekistan,A2,5
2311,Uzbekistan,B1/B2,9
2312,Uzbekistan,C1/D,2
2313,Uzbekistan,F1,14
2314,Uzbekistan,F2,4
2315,Uzbekistan,G4,4
2316,Uzbekistan,H1B,1
2317,Uzbekistan,H4,2
2318,Uzbekistan,J1,1
2319,Uzbekistan,J2,2
2320,Uzbekistan,P1,1
2321,Vanuatu,B1/B2,1
2322,Venezuela,A1,1
2323,Venezuela,B1/B2,116
2324,Venezuela,B2,1
2325,Venezuela,C1/D,8
2326,Venezuela,E2,1
2327,Venezuela,F1,88
2328,Venezuela,F2,3
2329,Venezuela,G4,15
2330,Venezuela,H1B,3
2331,Venezuela,H4,3
2332,Venezuela,J1,4
2333,Venezuela,K1,17
2334,Venezuela,K2,2
2335,Venezuela,L1,3
2336,Venezuela,L2,2
2337,Venezuela,O1,1
2338,Venezuela,O2,1
2339,Venezuela,P1,5
2340,Venezuela,P4,3
2341,Vietnam,A1,19
2342,Vietnam,A2,11
2343,Vietnam,B1,1
2344,Vietnam,B2,1
2345,Vietnam,C1,2
2346,Vietnam,C1/D,35
2347,Vietnam,C3,3
2348,Vietnam,F1,403
2349,Vietnam,F2,10
2350,Vietnam,G1,1
2351,Vietnam,G4,18
2352,Vietnam,H1B,2
2353,Vietnam,H4,1
2354,Vietnam,J1,16
2355,Vietnam,J2,8
2356,Vietnam,K1,119
2357,Vietnam,K2,23
2358,Vietnam,L1,5
2359,Vietnam,L2,8
2360,Vietnam,M1,14
2361,Vietnam,O1,4
2362,Vietnam,O3,3
2363,Vietnam,R1,10
2364,Vietnam,TD,1
2365,Yemen,A1,4
2366,Yemen,A2,1
2367,Yemen,B1,1
2368,Yemen,B1/B2,5
2369,Yemen,B2,1
2370,Yemen,C1/D,2
2371,Yemen,F1,18
2372,Yemen,F2,2
2373,Yemen,G1,5
2374,Yemen,G4,2
2375,Yemen,I,1
2376,Yemen,K1,7
2377,Zambia,A2,1
2378,Zambia,B1/B2,6
2379,Zambia,B2,1
2380,Zambia,F1,28
2381,Zambia,F2,3
2382,Zambia,G1,6
2383,Zambia,G4,30
2384,Zambia,H1B,2
2385,Zambia,J1,2
2386,Zimbabwe,A1,10
2387,Zimbabwe,A2,2
2388,Zimbabwe,B1/B2,34
2389,Zimbabwe,C1,1
2390,Zimbabwe,D,2
2391,Zimbabwe,F1,33
2392,Zimbabwe,G1,1
2393,Zimbabwe,G4,5
2394,Zimbabwe,J1,1
2395,Zimbabwe,J2,3
2396,Zimbabwe,L1,1
2397,Zimbabwe,P1,1
