country,visa_type,number
Nonimmigrant Visa Issuances By Nationality -,December,2017
Afghanistan,A1,10
Afghanistan,A2,27
Afghanistan,B1/B2,101
Afghanistan,B2,3
Afghanistan,F1,12
Afghanistan,G4,9
Afghanistan,J1,19
Afghanistan,K1,6
Albania,A2,11
Albania,B1/B2,942
Albania,C1,2
Albania,C1/D,15
Albania,E2,3
Albania,F1,40
Albania,G4,1
Albania,H1B,4
Albania,J1,12
Albania,K1,12
Albania,K2,1
Albania,M1,1
Albania,P3,8
Algeria,A2,8
Algeria,B1,1
Algeria,C1,1
Algeria,D,7
Algeria,F1,19
Algeria,F2,1
Algeria,G4,1
Algeria,H1B,2
Algeria,J1,13
Algeria,J2,1
Algeria,K1,5
Algeria,M1,8
Algeria,R1,1
Andorra,F1,1
Andorra,H1B,1
Andorra,J1,1
Andorra,L1,1
Andorra,L2,1
Angola,A1,4
Nonimmigrant Visa Issuances By Nationality -,December,2017
Angola,A2,10
Angola,B1/B2,575
Angola,B2,187
Angola,C1/D,4
Angola,F1,105
Angola,F2,5
Angola,G1,1
Angola,G4,1
Angola,I,1
Angola,J1,6
Angola,L1,2
Angola,L2,6
Antigua and Barbuda,A1,2
Antigua and Barbuda,A2,1
Antigua and Barbuda,B1/B2,142
Antigua and Barbuda,C1/D,1
Antigua and Barbuda,F1,11
Antigua and Barbuda,H1B,1
Antigua and Barbuda,K1,1
Antigua and Barbuda,M1,1
Antigua and Barbuda,O1,1
Argentina,A1,4
Argentina,A2,20
Argentina,B1,24
Argentina,C1,2
Argentina,C1/D,53
Argentina,C3,9
Argentina,D,1
Argentina,E1,6
Argentina,E2,39
Argentina,E3D,2
Argentina,F1,188
Argentina,F2,11
Argentina,G1,2
Argentina,G4,34
Argentina,G5,1
Argentina,H1B,44
Argentina,H2B,5
Argentina,H4,16
Argentina,I,9
Nonimmigrant Visa Issuances By Nationality -,December,2017
Argentina,J1,649
Argentina,J2,42
Argentina,K1,6
Argentina,L1,75
Argentina,L2,85
Argentina,M1,6
Argentina,O1,22
Argentina,O2,1
Argentina,O3,12
Argentina,P1,40
Argentina,P3,7
Argentina,P4,22
Argentina,R1,2
Armenia,A1,2
Armenia,A2,1
Armenia,B1,16
Armenia,B1/B2,616
Armenia,B2,1
Armenia,E2,2
Armenia,F1,1
Armenia,G4,3
Armenia,H1B,3
Armenia,H4,4
Armenia,J1,21
Armenia,K1,4
Armenia,K2,1
Armenia,L1,3
Armenia,L2,6
Armenia,O1,2
Armenia,O2,3
Armenia,P1,2
Armenia,P3,5
Armenia,R1,1
Armenia,R2,1
Australia,A1,17
Australia,A2,423
Australia,B1,7
Australia,B1/B2,806
Australia,B2,1
Australia,C1,2
Australia,C1/D,171
Nonimmigrant Visa Issuances By Nationality -,December,2017
Australia,C3,14
Australia,E2,51
Australia,E3,566
Australia,E3D,416
Australia,E3R,438
Australia,F1,206
Australia,F2,10
Australia,G1,1
Australia,G2,3
Australia,G4,20
Australia,H1B,83
Australia,H2B,3
Australia,H3,1
Australia,H4,43
Australia,I,24
Australia,J1,482
Australia,J2,16
Australia,K1,15
Australia,K2,2
Australia,L1,112
Australia,L2,119
Australia,M1,11
Australia,O1,63
Australia,O2,18
Australia,O3,11
Australia,P1,33
Australia,P3,2
Australia,P4,3
Australia,R1,7
Australia,TD,1
Austria,A1,8
Austria,A2,22
Austria,B1,27
Austria,B1/B2,163
Austria,B2,1
Austria,C1/D,58
Austria,E1,7
Austria,E2,29
Austria,F1,58
Austria,G2,1
Austria,G4,3
Nonimmigrant Visa Issuances By Nationality -,December,2017
Austria,H1B,14
Austria,H2B,2
Austria,H4,2
Austria,I,5
Austria,J1,198
Austria,J2,8
Austria,L1,44
Austria,L2,10
Austria,M1,6
Austria,O1,8
Austria,O3,2
Austria,P1,12
Azerbaijan,A1,6
Azerbaijan,A2,17
Azerbaijan,B1/B2,548
Azerbaijan,B2,1
Azerbaijan,C1/D,22
Azerbaijan,F1,36
Azerbaijan,F2,3
Azerbaijan,G1,3
Azerbaijan,G2,1
Azerbaijan,G4,4
Azerbaijan,H1B,2
Azerbaijan,H4,1
Azerbaijan,J1,7
Azerbaijan,J2,5
Azerbaijan,K1,1
Azerbaijan,P1,1
"Bahamas, The",A2,4
"Bahamas, The",B1/B2,590
"Bahamas, The",C1/D,6
"Bahamas, The",C3,6
"Bahamas, The",D,1
"Bahamas, The",E2,2
"Bahamas, The",F1,62
"Bahamas, The",F2,3
"Bahamas, The",H1B,21
"Bahamas, The",H4,2
"Bahamas, The",J1,4
"Bahamas, The",L1,4
"Bahamas, The",M1,1
Nonimmigrant Visa Issuances By Nationality -,December,2017
"Bahamas, The",P1,1
"Bahamas, The",R1,2
Bahrain,A1,1
Bahrain,A2,1
Bahrain,B1/B2,197
Bahrain,B2,20
Bahrain,C1/D,2
Bahrain,F1,10
Bahrain,H1B,2
Bahrain,J1,8
Bahrain,J2,3
Bangladesh,A2,67
Bangladesh,A3,1
Bangladesh,B1,2
Bangladesh,B1/B2,880
Bangladesh,B2,3
Bangladesh,C1,1
Bangladesh,C1/D,24
Bangladesh,F1,145
Bangladesh,F2,36
Bangladesh,G1,16
Bangladesh,G2,16
Bangladesh,G4,23
Bangladesh,G5,1
Bangladesh,H1B,33
Bangladesh,H4,10
Bangladesh,J1,26
Bangladesh,J2,13
Bangladesh,K1,1
Bangladesh,L1,2
Bangladesh,L2,4
Bangladesh,P3,6
Barbados,A2,8
Barbados,B1/B2,332
Barbados,C1/D,2
Barbados,F1,14
Barbados,G4,1
Barbados,J1,1
Barbados,O1,1
Belarus,A1,1
Belarus,A2,2
Nonimmigrant Visa Issuances By Nationality -,December,2017
Belarus,B1,6
Belarus,C1/D,50
Belarus,F1,21
Belarus,F2,1
Belarus,G1,5
Belarus,G4,6
Belarus,H1B,5
Belarus,H4,5
Belarus,J1,11
Belarus,K1,5
Belarus,L1,23
Belarus,L2,21
Belarus,NATO2,1
Belarus,O1,4
Belarus,O3,2
Belarus,P1,10
Belgium,A2,10
Belgium,B1,4
Belgium,B1/B2,180
Belgium,B2,1
Belgium,C1/D,50
Belgium,E2,17
Belgium,F1,55
Belgium,F2,1
Belgium,G2,3
Belgium,G3,1
Belgium,G4,14
Belgium,H1B,31
Belgium,H4,6
Belgium,I,8
Belgium,J1,96
Belgium,J2,21
Belgium,L1,47
Belgium,L2,53
Belgium,M1,2
Belgium,M2,4
Belgium,NATO2,25
Belgium,O1,11
Belgium,O2,3
Belgium,O3,6
Nonimmigrant Visa Issuances By Nationality -,December,2017
Belgium,P1,8
Belgium,P3,2
Belize,A1,1
Belize,A2,12
Belize,B1/B2,222
Belize,C1,7
Belize,C1/D,3
Belize,C3,2
Belize,F1,18
Belize,G4,1
Belize,H1B,5
Belize,H4,1
Belize,J1,3
Belize,J2,2
Belize,P3,1
Belize,R1,3
Benin,A1,4
Benin,A2,2
Benin,A3,1
Benin,B1,1
Benin,B1/B2,68
Benin,B2,2
Benin,C3,1
Benin,F1,16
Benin,G2,1
Benin,G4,1
Benin,I,1
Benin,J1,2
Benin,K1,1
Bermuda,B1/B2,9
Bermuda,C1/D,3
Bermuda,F1,1
Bhutan,A2,1
Bhutan,B1/B2,37
Bhutan,C1/D,2
Bhutan,F1,4
Bhutan,G2,4
Bhutan,G4,3
Bhutan,G5,5
Bhutan,H1B,3
Bhutan,J1,1
Nonimmigrant Visa Issuances By Nationality -,December,2017
Bhutan,J2,3
Bhutan,M1,2
Bolivia,A1,1
Bolivia,A2,5
Bolivia,A3,1
Bolivia,B1,2
Bolivia,C1,9
Bolivia,C1/D,5
Bolivia,F1,63
Bolivia,G1,5
Bolivia,G2,3
Bolivia,G4,2
Bolivia,G5,1
Bolivia,H1B,11
Bolivia,H4,3
Bolivia,J1,26
Bolivia,K1,6
Bolivia,K2,4
Bolivia,L1,6
Bolivia,L2,8
Bolivia,M1,2
Bolivia,P3,2
Bolivia,R2,1
Bosnia-Herzegovina,A2,5
Bosnia-Herzegovina,B1,7
Bosnia-Herzegovina,B1/B2,324
Bosnia-Herzegovina,C1,1
Bosnia-Herzegovina,C1/D,84
Bosnia-Herzegovina,F1,19
Bosnia-Herzegovina,G4,10
Bosnia-Herzegovina,H1B,2
Bosnia-Herzegovina,J1,1
Bosnia-Herzegovina,K1,3
Bosnia-Herzegovina,O1,1
Bosnia-Herzegovina,P3,5
Botswana,A2,1
Botswana,B1/B2,57
Botswana,C1,3
Botswana,C1/D,1
Botswana,C3,3
Nonimmigrant Visa Issuances By Nationality -,December,2017
Botswana,F1,4
Botswana,G2,1
Botswana,G4,4
Botswana,J1,14
Brazil,A1,30
Brazil,A2,102
Brazil,A3,2
Brazil,B1,307
Brazil,B2,2
Brazil,C1,19
Brazil,C1/D,276
Brazil,C3,6
Brazil,E2,41
Brazil,E3D,2
Brazil,F2,374
Brazil,G1,19
Brazil,G2,7
Brazil,G4,36
Brazil,G5,5
Brazil,H1B,193
Brazil,H3,1
Brazil,H4,103
Brazil,I,18
Brazil,J2,152
Brazil,K1,33
Brazil,K2,4
Brazil,L1,533
Brazil,L2,724
Brazil,M1,22
Brazil,M2,6
Brazil,O1,219
Brazil,O2,7
Brazil,O3,84
Brazil,P1,78
Brazil,P3,5
Brazil,P4,11
Brazil,Q1,1
Brazil,R1,29
Nonimmigrant Visa Issuances By Nationality -,December,2017
Brazil,R2,28
Brazil,TD,2
Brazil,U1,1
Brazil,U3,1
Brazil,U4,1
British National Overseas (Hong Kong) Passport,B1/B2,218
British National Overseas (Hong Kong) Passport,C1/D,11
British National Overseas (Hong Kong) Passport,CW1,1
British National Overseas (Hong Kong) Passport,F1,8
British National Overseas (Hong Kong) Passport,F2,1
British National Overseas (Hong Kong) Passport,H1B,7
British National Overseas (Hong Kong) Passport,I,1
British National Overseas (Hong Kong) Passport,J1,5
British National Overseas (Hong Kong) Passport,J2,1
British National Overseas (Hong Kong) Passport,O1,2
British Virgin Islands,B1/B2,6
British Virgin Islands,F1,1
Brunei,B1/B2,1
Brunei,F1,6
Brunei,F2,1
Brunei,H1B,2
Brunei,J1,1
Brunei,J2,3
Bulgaria,A2,3
Bulgaria,B1,3
Bulgaria,B1/B2,752
Bulgaria,B2,38
Bulgaria,C1,1
Bulgaria,C1/D,105
Bulgaria,E2,5
Bulgaria,F1,12
Bulgaria,G2,1
Bulgaria,G4,4
Bulgaria,H1B,19
Bulgaria,H4,2
Bulgaria,I,1
Bulgaria,J1,11
Bulgaria,J2,1
Bulgaria,K1,1
Bulgaria,L1,7
Bulgaria,L2,5
Nonimmigrant Visa Issuances By Nationality -,December,2017
Bulgaria,M1,2
Bulgaria,NATO2,5
Bulgaria,O1,2
Bulgaria,O3,1
Bulgaria,P1,1
Bulgaria,P3,5
Burkina Faso,A1,4
Burkina Faso,B1,1
Burkina Faso,B1/B2,81
Burkina Faso,B2,1
Burkina Faso,C1,2
Burkina Faso,C3,6
Burkina Faso,F1,29
Burkina Faso,F2,4
Burkina Faso,H1B,1
Burkina Faso,J1,3
Burkina Faso,O1,1
Burkina Faso,R1,1
Burma,A1,1
Burma,A2,1
Burma,B1,87
Burma,B1/B2,17
Burma,B2,244
Burma,C1,150
Burma,C3,2
Burma,D,526
Burma,F1,135
Burma,F2,1
Burma,G1,3
Burma,G4,2
Burma,H1B,8
Burma,J1,10
Burma,K1,11
Burma,M1,2
Burma,O1,1
Burma,R1,2
Burma,R2,2
Burundi,A1,3
Burundi,A2,5
Burundi,B1/B2,125
Burundi,B2,3
Nonimmigrant Visa Issuances By Nationality -,December,2017
Burundi,F1,14
Burundi,G1,2
Burundi,G4,1
Burundi,H1B,2
Burundi,K1,1
Cabo Verde,A1,1
Cabo Verde,B1/B2,118
Cabo Verde,C1/D,1
Cabo Verde,C3,1
Cabo Verde,F1,1
Cabo Verde,G4,1
Cabo Verde,K1,1
Cabo Verde,K2,1
Cabo Verde,O1,2
Cambodia,A1,1
Cambodia,A2,1
Cambodia,B1,5
Cambodia,B1/B2,314
Cambodia,C1,1
Cambodia,F1,95
Cambodia,G1,5
Cambodia,G4,5
Cambodia,H1B,2
Cambodia,H4,1
Cambodia,J1,19
Cambodia,J2,1
Cambodia,K1,21
Cambodia,K2,7
Cambodia,L1,2
Cambodia,L2,1
Cambodia,P3,1
Cambodia,R1,1
Cameroon,A2,16
Cameroon,B1/B2,534
Cameroon,B2,2
Cameroon,C1,2
Cameroon,C1/D,3
Cameroon,C3,5
Cameroon,F1,89
Cameroon,F2,1
Cameroon,G2,1
Nonimmigrant Visa Issuances By Nationality -,December,2017
Cameroon,G4,13
Cameroon,H1B,10
Cameroon,J1,6
Cameroon,K1,9
Cameroon,L2,2
Cameroon,M1,1
Cameroon,P1,1
Cameroon,R1,1
Cameroon,T3,1
Canada,A1,13
Canada,A2,8
Canada,B1,6
Canada,B1/B2,13
Canada,B2,2
Canada,C1/D,1
Canada,E1,52
Canada,E2,218
Canada,E3D,6
Canada,F1,15
Canada,F2,1
Canada,G1,1
Canada,G4,32
Canada,H1B,16
Canada,H4,9
Canada,I,2
Canada,J1,8
Canada,J2,7
Canada,K1,39
Canada,K2,4
Canada,L1,7
Canada,L2,20
Canada,M1,2
Canada,NATO2,6
Canada,O1,7
Canada,O2,3
Canada,P1,3
Canada,P2,1
Canada,R1,2
Canada,TD,2
Canada,TN,5
Cayman Islands,B1/B2,44
Nonimmigrant Visa Issuances By Nationality -,December,2017
Cayman Islands,C1/D,1
Cayman Islands,F1,4
Central African Republic,A1,3
Central African Republic,B1/B2,16
Chad,A1,8
Chad,A2,10
Chad,B1,2
Chad,C3,2
Chad,F1,2
Chad,G4,1
Chile,A1,17
Chile,A2,103
Chile,B1,53
Chile,B1/B2,195
Chile,C1,2
Chile,C1/D,50
Chile,C3,8
Chile,E2,35
Chile,F1,214
Chile,F2,13
Chile,G1,9
Chile,G2,1
Chile,G4,10
Chile,H1B,35
Chile,H1B1,88
Chile,H4,64
Chile,I,7
Chile,J1,269
Chile,J2,39
Chile,K1,1
Chile,L1,23
Chile,L2,26
Chile,O1,6
Chile,O3,3
Chile,P1,5
Chile,R1,4
Chile,R2,1
China-mainland,A1,50
China-mainland,A2,62
China-mainland,B1,36
Nonimmigrant Visa Issuances By Nationality -,December,2017
China-mainland,B2,59
China-mainland,C1,79
China-mainland,C1/D,886
China-mainland,C3,55
China-mainland,CW1,49
China-mainland,CW2,7
China-mainland,E2,10
China-mainland,E3D,7
China-mainland,F2,214
China-mainland,G1,8
China-mainland,G2,24
China-mainland,G4,38
China-mainland,G5,1
China-mainland,H3,9
China-mainland,H4,496
China-mainland,I,31
China-mainland,J2,944
China-mainland,K1,47
China-mainland,K2,4
China-mainland,L1,360
China-mainland,L2,388
China-mainland,M1,194
China-mainland,O1,94
China-mainland,O2,55
China-mainland,O3,19
China-mainland,P1,113
China-mainland,P3,39
China-mainland,P4,1
China-mainland,Q1,6
China-mainland,R1,7
China-mainland,R2,6
China-mainland,TD,5
China-Taiwan,B1/B2,496
China-Taiwan,C1/D,204
China-Taiwan,CW1,4
China-Taiwan,E1,64
China-Taiwan,E2,38
China-Taiwan,E3D,1
Nonimmigrant Visa Issuances By Nationality -,December,2017
China-Taiwan,F1,550
China-Taiwan,F2,20
China-Taiwan,G4,2
China-Taiwan,H1B,205
China-Taiwan,H3,3
China-Taiwan,H4,36
China-Taiwan,I,4
China-Taiwan,J1,168
China-Taiwan,J2,34
China-Taiwan,K1,6
China-Taiwan,K2,1
China-Taiwan,L1,43
China-Taiwan,L2,38
China-Taiwan,M1,11
China-Taiwan,M2,1
China-Taiwan,O1,14
China-Taiwan,O2,34
China-Taiwan,O3,7
China-Taiwan,P1,3
China-Taiwan,P3,1
China-Taiwan,P4,1
China-Taiwan,R1,9
China-Taiwan,TD,1
Colombia,A1,6
Colombia,A2,129
Colombia,A3,1
Colombia,B1,34
Colombia,B2,2
Colombia,C1,12
Colombia,C1/D,114
Colombia,E2,18
Colombia,F1,484
Colombia,F2,32
Colombia,G1,7
Colombia,G4,51
Colombia,G5,5
Colombia,H1B,96
Colombia,H4,26
Colombia,I,1
Colombia,J1,490
Nonimmigrant Visa Issuances By Nationality -,December,2017
Colombia,J2,38
Colombia,K1,37
Colombia,K2,22
Colombia,L1,49
Colombia,L2,47
Colombia,M1,16
Colombia,O1,22
Colombia,O2,16
Colombia,O3,5
Colombia,P1,11
Colombia,P3,2
Colombia,P4,1
Colombia,R1,9
Colombia,R2,6
Colombia,TD,1
Colombia,U3,1
Comoros,A2,1
Comoros,B1/B2,6
"Congo, Democratic Republic of the",A2,8
"Congo, Democratic Republic of the",B1,2
"Congo, Democratic Republic of the",B1/B2,554
"Congo, Democratic Republic of the",C1,1
"Congo, Democratic Republic of the",C1/D,3
"Congo, Democratic Republic of the",C3,1
"Congo, Democratic Republic of the",F1,78
"Congo, Democratic Republic of the",F2,3
"Congo, Democratic Republic of the",G2,7
"Congo, Democratic Republic of the",G4,7
"Congo, Democratic Republic of the",H1B,2
"Congo, Democratic Republic of the",H4,1
"Congo, Democratic Republic of the",J1,1
"Congo, Democratic Republic of the",K1,2
"Congo, Democratic Republic of the",L1,1
"Congo, Democratic Republic of the",O1,1
"Congo, Democratic Republic of the",O2,5
"Congo, Democratic Republic of the",R1,2
"Congo, Republic of the",A2,1
"Congo, Republic of the",B1/B2,68
"Congo, Republic of the",C1/D,1
"Congo, Republic of the",F1,13
"Congo, Republic of the",G1,1
Nonimmigrant Visa Issuances By Nationality -,December,2017
"Congo, Republic of the",G2,5
"Congo, Republic of the",G4,9
"Congo, Republic of the",J1,1
"Congo, Republic of the",L1,1
Costa Rica,A1,8
Costa Rica,A2,54
Costa Rica,B1,2
Costa Rica,C1,2
Costa Rica,C1/D,16
Costa Rica,C3,1
Costa Rica,E2,1
Costa Rica,F1,60
Costa Rica,F2,3
Costa Rica,G4,5
Costa Rica,H1B,14
Costa Rica,H4,1
Costa Rica,J1,52
Costa Rica,J2,2
Costa Rica,K1,6
Costa Rica,K2,1
Costa Rica,L1,32
Costa Rica,L2,35
Costa Rica,M1,3
Costa Rica,O1,1
Costa Rica,R1,1
Cote D'Ivoire,A1,1
Cote D'Ivoire,A2,18
Cote D'Ivoire,B1,2
Cote D'Ivoire,B1/B2,373
Cote D'Ivoire,B2,18
Cote D'Ivoire,C1,10
Cote D'Ivoire,F1,66
Cote D'Ivoire,G1,1
Cote D'Ivoire,G2,1
Cote D'Ivoire,G4,5
Cote D'Ivoire,H1B,7
Cote D'Ivoire,H4,1
Cote D'Ivoire,J1,11
Cote D'Ivoire,J2,4
Cote D'Ivoire,K1,2
Nonimmigrant Visa Issuances By Nationality -,December,2017
Cote D'Ivoire,K2,1
Cote D'Ivoire,L1,1
Cote D'Ivoire,L2,3
Cote D'Ivoire,R1,2
Croatia,A1,2
Croatia,A2,10
Croatia,B1,4
Croatia,B1/B2,703
Croatia,B2,1
Croatia,C1,1
Croatia,C1/D,205
Croatia,C3,1
Croatia,E2,1
Croatia,F1,28
Croatia,G2,5
Croatia,G4,6
Croatia,H1B,3
Croatia,H4,1
Croatia,I,4
Croatia,J1,19
Croatia,J2,3
Croatia,L1,9
Croatia,L2,4
Croatia,O1,6
Croatia,P1,2
Cuba,A1,4
Cuba,A2,9
Cuba,B1,6
Cuba,B1/B2,104
Cuba,B2,126
Cuba,D,1
Cuba,F1,2
Cuba,G1,10
Cuba,G2,2
Cuba,G4,1
Cuba,K1,2
Cuba,L1,1
Cuba,P1,17
Cuba,P3,20
Cuba,R1,1
Cuba,R2,2
Nonimmigrant Visa Issuances By Nationality -,December,2017
Cyprus,A2,1
Cyprus,B1,2
Cyprus,B1/B2,238
Cyprus,C1,1
Cyprus,C1/D,6
Cyprus,C3,1
Cyprus,F1,12
Cyprus,F2,3
Cyprus,G1,4
Cyprus,G4,1
Cyprus,H1B,5
Cyprus,J1,7
Cyprus,J2,1
Cyprus,L1,1
Cyprus,O1,2
Cyprus,P1,1
Czech Republic,A2,4
Czech Republic,B1,27
Czech Republic,B1/B2,115
Czech Republic,B2,4
Czech Republic,C1/D,34
Czech Republic,E2,18
Czech Republic,F1,50
Czech Republic,G4,2
Czech Republic,H1B,11
Czech Republic,H2B,1
Czech Republic,H3,1
Czech Republic,H4,3
Czech Republic,J1,88
Czech Republic,J2,8
Czech Republic,L1,18
Czech Republic,L2,22
Czech Republic,M1,1
Czech Republic,NATO2,1
Czech Republic,O1,3
Czech Republic,O3,1
Czech Republic,P1,5
Czech Republic,P4,3
Czech Republic,R1,1
Denmark,A1,1
Denmark,A2,33
Nonimmigrant Visa Issuances By Nationality -,December,2017
Denmark,B1,1
Denmark,B1/B2,164
Denmark,C1/D,19
Denmark,E1,1
Denmark,E2,12
Denmark,E3D,1
Denmark,F1,101
Denmark,F2,1
Denmark,G2,4
Denmark,G4,4
Denmark,H1B,7
Denmark,I,4
Denmark,J1,157
Denmark,J2,31
Denmark,K1,1
Denmark,L1,37
Denmark,L2,44
Denmark,M1,2
Denmark,NATO2,8
Denmark,O1,12
Denmark,O2,1
Denmark,O3,5
Denmark,P1,14
Denmark,R1,1
Djibouti,A2,2
Djibouti,A3,1
Djibouti,B1/B2,11
Djibouti,C3,1
Djibouti,F1,2
Djibouti,G4,1
Dominica,A1,1
Dominica,B1/B2,71
Dominica,B2,1
Dominica,C1/D,1
Dominica,F1,23
Dominica,F2,1
Dominica,H1B,1
Dominica,J1,2
Dominica,J2,1
Dominican Republic,A2,5
Dominican Republic,B1,41
Nonimmigrant Visa Issuances By Nationality -,December,2017
Dominican Republic,B2,1
Dominican Republic,C1,2
Dominican Republic,C1/D,20
Dominican Republic,C3,3
Dominican Republic,F1,73
Dominican Republic,F2,1
Dominican Republic,G2,1
Dominican Republic,G4,2
Dominican Republic,G5,1
Dominican Republic,H1B,17
Dominican Republic,H2A,12
Dominican Republic,H2B,3
Dominican Republic,H4,6
Dominican Republic,I,2
Dominican Republic,J1,21
Dominican Republic,J2,1
Dominican Republic,K1,75
Dominican Republic,K2,33
Dominican Republic,L1,8
Dominican Republic,L2,8
Dominican Republic,O1,4
Dominican Republic,O2,3
Dominican Republic,P1,167
Dominican Republic,P4,8
Dominican Republic,TD,1
Dominican Republic,U1,1
Dominican Republic,U3,3
Ecuador,A2,1
Ecuador,A3,1
Ecuador,B1,34
Ecuador,C1,11
Ecuador,C1/D,19
Ecuador,E2,12
Ecuador,E3D,3
Ecuador,F1,181
Ecuador,F2,9
Ecuador,G1,2
Ecuador,G4,14
Ecuador,H1B,34
Nonimmigrant Visa Issuances By Nationality -,December,2017
Ecuador,H3,1
Ecuador,H4,10
Ecuador,I,9
Ecuador,J1,85
Ecuador,J2,5
Ecuador,K1,7
Ecuador,K2,2
Ecuador,L1,11
Ecuador,L2,6
Ecuador,M1,1
Ecuador,O1,3
Ecuador,P1,7
Ecuador,TD,2
Ecuador,U3,8
Egypt,A1,3
Egypt,A2,136
Egypt,A3,1
Egypt,B1,21
Egypt,B2,24
Egypt,C1/D,66
Egypt,E2,5
Egypt,E3D,1
Egypt,F1,83
Egypt,F2,19
Egypt,G1,5
Egypt,G2,3
Egypt,G4,10
Egypt,H1B,19
Egypt,H4,9
Egypt,I,5
Egypt,J1,86
Egypt,J2,42
Egypt,K1,7
Egypt,L1,19
Egypt,L2,24
Egypt,M1,2
Egypt,O1,4
Egypt,O3,3
Egypt,P3,1
Egypt,R1,1
Nonimmigrant Visa Issuances By Nationality -,December,2017
Egypt,R2,3
Egypt,TD,1
El Salvador,A1,3
El Salvador,A2,18
El Salvador,B1,37
El Salvador,C1,5
El Salvador,C1/D,9
El Salvador,C3,11
El Salvador,F1,54
El Salvador,F2,2
El Salvador,G2,5
El Salvador,G4,4
El Salvador,G5,3
El Salvador,H1B,13
El Salvador,H2A,1
El Salvador,H2B,8
El Salvador,H4,4
El Salvador,I,1
El Salvador,J1,41
El Salvador,K1,10
El Salvador,K2,8
El Salvador,L1,3
El Salvador,L2,6
El Salvador,M1,1
El Salvador,U1,1
El Salvador,U2,1
El Salvador,U3,14
Equatorial Guinea,A2,3
Equatorial Guinea,B1/B2,35
Equatorial Guinea,F1,8
Equatorial Guinea,G1,31
Equatorial Guinea,G2,1
Eritrea,A2,1
Eritrea,B1,4
Eritrea,B1/B2,69
Eritrea,C3,1
Eritrea,F1,28
Eritrea,F2,1
Eritrea,H1B,1
Eritrea,J1,1
Nonimmigrant Visa Issuances By Nationality -,December,2017
Eritrea,K1,2
Eritrea,P1,1
Estonia,A1,1
Estonia,A2,7
Estonia,B1/B2,14
Estonia,C1/D,8
Estonia,C3,2
Estonia,E2,3
Estonia,F1,10
Estonia,F2,1
Estonia,H1B,2
Estonia,I,2
Estonia,J1,7
Estonia,J2,1
Estonia,K1,2
Estonia,L1,2
Estonia,L2,2
Estonia,NATO2,4
Estonia,P1,1
Estonia,P4,1
Ethiopia,A1,2
Ethiopia,A2,17
Ethiopia,A3,1
Ethiopia,B1,7
Ethiopia,B2,5
Ethiopia,C1/D,54
Ethiopia,D,1
Ethiopia,F1,114
Ethiopia,F2,4
Ethiopia,G1,8
Ethiopia,G4,24
Ethiopia,H1B,5
Ethiopia,I,2
Ethiopia,J1,15
Ethiopia,K1,15
Ethiopia,O3,1
Ethiopia,P1,2
Ethiopia,P3,1
Fiji,A3,1
Fiji,B1/B2,150
Nonimmigrant Visa Issuances By Nationality -,December,2017
Fiji,C1,11
Fiji,C1/D,2
Fiji,F1,4
Fiji,G4,4
Fiji,O1,1
Finland,A1,4
Finland,A2,26
Finland,B1,7
Finland,B1/B2,48
Finland,B2,5
Finland,C1/D,55
Finland,E2,15
Finland,E3D,2
Finland,F1,40
Finland,G2,1
Finland,G4,7
Finland,H1B,10
Finland,H4,3
Finland,I,11
Finland,J1,96
Finland,J2,7
Finland,K1,1
Finland,L1,21
Finland,L2,35
Finland,M1,2
Finland,O1,4
Finland,O2,5
Finland,P1,7
Finland,TD,1
France,A1,5
France,A2,83
France,B1,28
France,B1/B2,771
France,B2,5
France,C1/D,187
France,C3,5
France,E1,11
France,E2,240
France,E3D,5
France,F1,580
France,F2,9
Nonimmigrant Visa Issuances By Nationality -,December,2017
France,G1,3
France,G2,4
France,G3,1
France,G4,57
France,H1B,222
France,H3,2
France,H4,27
France,I,53
France,J2,87
France,K1,14
France,K2,2
France,L1,230
France,L2,259
France,M1,13
France,NATO4,1
France,O1,79
France,O2,3
France,O3,12
France,P1,40
France,P2,1
France,P3,3
France,P4,3
France,Q1,18
France,R1,1
France,TD,4
Gabon,A1,1
Gabon,A2,13
Gabon,B1/B2,90
Gabon,D,1
Gabon,F1,9
Gabon,G1,1
Gabon,J1,1
Gabon,K1,1
Gabon,K2,1
"Gambia, The",A1,4
"Gambia, The",B1/B2,103
"Gambia, The",B2,1
"Gambia, The",C1,3
"Gambia, The",C3,5
"Gambia, The",F1,15
Nonimmigrant Visa Issuances By Nationality -,December,2017
"Gambia, The",G1,1
"Gambia, The",G2,3
"Gambia, The",G4,2
"Gambia, The",H1B,1
"Gambia, The",K1,1
Georgia,A1,2
Georgia,A2,26
Georgia,A3,1
Georgia,B1/B2,276
Georgia,C1/D,13
Georgia,E2,1
Georgia,F1,16
Georgia,F2,2
Georgia,G1,1
Georgia,G4,7
Georgia,G5,1
Georgia,H1B,1
Georgia,I,2
Georgia,J1,37
Georgia,K1,1
Georgia,L1,1
Georgia,O1,2
Georgia,P3,7
Germany,A1,8
Germany,A2,83
Germany,B1,28
Germany,B2,6
Germany,C1/D,446
Germany,C3,9
Germany,D,1
Germany,E1,46
Germany,E2,310
Germany,E3D,3
Germany,F1,416
Germany,F2,8
Germany,G1,4
Germany,G2,8
Germany,G3,1
Germany,G4,45
Germany,H1B,123
Nonimmigrant Visa Issuances By Nationality -,December,2017
Germany,H4,14
Germany,I,49
Germany,J2,78
Germany,K1,13
Germany,K2,4
Germany,L1,292
Germany,L2,170
Germany,M1,24
Germany,NATO2,32
Germany,NATO5,4
Germany,NATO6,49
Germany,O1,80
Germany,O2,16
Germany,O3,10
Germany,P1,41
Germany,P3,2
Germany,Q1,5
Germany,R1,2
Ghana,A1,1
Ghana,A2,2
Ghana,A3,1
Ghana,B1,3
Ghana,B1/B2,983
Ghana,B2,3
Ghana,C1,5
Ghana,C1/D,13
Ghana,C3,1
Ghana,F1,105
Ghana,F2,15
Ghana,G1,2
Ghana,G2,2
Ghana,G4,9
Ghana,H1B,18
Ghana,H4,7
Ghana,I,1
Ghana,J1,15
Ghana,J2,2
Ghana,K1,10
Ghana,K2,1
Ghana,L1,1
Nonimmigrant Visa Issuances By Nationality -,December,2017
Ghana,L2,2
Ghana,M1,1
Ghana,O1,2
Ghana,P1,1
Ghana,P3,2
Ghana,R1,5
Ghana,R2,4
Gibraltar,F1,1
Great Britain & Northern Ireland,A1,6
Great Britain & Northern Ireland,A2,182
Great Britain & Northern Ireland,A3,2
Great Britain & Northern Ireland,B1,147
Great Britain & Northern Ireland,B2,16
Great Britain & Northern Ireland,C1,1
Great Britain & Northern Ireland,C1/D,662
Great Britain & Northern Ireland,C3,19
Great Britain & Northern Ireland,D,1
Great Britain & Northern Ireland,E1,13
Great Britain & Northern Ireland,E2,179
Great Britain & Northern Ireland,E3D,8
Great Britain & Northern Ireland,F1,305
Great Britain & Northern Ireland,F2,15
Great Britain & Northern Ireland,G1,1
Great Britain & Northern Ireland,G2,7
Great Britain & Northern Ireland,G4,31
Great Britain & Northern Ireland,H1B,250
Great Britain & Northern Ireland,H2B,31
Great Britain & Northern Ireland,H3,5
Great Britain & Northern Ireland,H4,64
Great Britain & Northern Ireland,I,96
Great Britain & Northern Ireland,J1,521
Great Britain & Northern Ireland,J2,33
Great Britain & Northern Ireland,K1,40
Great Britain & Northern Ireland,L1,526
Great Britain & Northern Ireland,L2,363
Great Britain & Northern Ireland,M1,28
Great Britain & Northern Ireland,M2,1
Great Britain & Northern Ireland,NATO2,57
Great Britain & Northern Ireland,O1,244
Great Britain & Northern Ireland,O2,111
Nonimmigrant Visa Issuances By Nationality -,December,2017
Great Britain & Northern Ireland,O3,37
Great Britain & Northern Ireland,P1,188
Great Britain & Northern Ireland,P2,8
Great Britain & Northern Ireland,P3,12
Great Britain & Northern Ireland,P4,5
Great Britain & Northern Ireland,Q1,7
Great Britain & Northern Ireland,R1,12
Great Britain & Northern Ireland,R2,8
Great Britain & Northern Ireland,TD,1
Greece,A1,2
Greece,A2,9
Greece,B1,1
Greece,B1/B2,176
Greece,C1/D,137
Greece,E2,1
Greece,F1,64
Greece,F2,1
Greece,G1,1
Greece,G2,2
Greece,G4,3
Greece,H1B,49
Greece,H2B,1
Greece,H3,1
Greece,H4,6
Greece,J1,65
Greece,J2,9
Greece,L1,22
Greece,L2,8
Greece,NATO2,1
Greece,O1,18
Greece,O2,4
Greece,P3,16
Greece,R1,2
Grenada,A2,9
Grenada,B1/B2,93
Grenada,F1,11
Grenada,H1B,3
Grenada,K1,2
Grenada,P1,1
Guatemala,A1,5
Guatemala,A2,19
Nonimmigrant Visa Issuances By Nationality -,December,2017
Guatemala,B1,10
Guatemala,C1,1
Guatemala,C1/D,12
Guatemala,C3,8
Guatemala,E2,1
Guatemala,F1,50
Guatemala,G1,3
Guatemala,G4,6
Guatemala,G5,4
Guatemala,H1B,10
Guatemala,H2A,39
Guatemala,H2B,453
Guatemala,H3,1
Guatemala,H4,9
Guatemala,J1,43
Guatemala,J2,2
Guatemala,K1,9
Guatemala,K2,1
Guatemala,L1,5
Guatemala,L2,2
Guatemala,M1,2
Guatemala,P1,1
Guatemala,P3,5
Guatemala,R1,1
Guatemala,U2,1
Guatemala,U3,21
Guinea,A1,1
Guinea,B1/B2,114
Guinea,B2,1
Guinea,C3,1
Guinea,F1,6
Guinea,G4,1
Guinea,K1,3
Guinea-Bissau,B1/B2,5
Guinea-Bissau,G4,2
Guinea-Bissau,K1,1
Guyana,B1/B2,267
Guyana,C1/D,20
Guyana,F1,15
Guyana,G1,1
Nonimmigrant Visa Issuances By Nationality -,December,2017
Guyana,H1B,1
Guyana,K1,1
Guyana,M1,2
Haiti,A1,1
Haiti,A2,40
Haiti,B1,1
Haiti,C1,7
Haiti,C1/D,14
Haiti,C3,13
Haiti,D,2
Haiti,F1,37
Haiti,F2,3
Haiti,G1,2
Haiti,G2,2
Haiti,H1B,5
Haiti,H4,1
Haiti,I,3
Haiti,J1,13
Haiti,K1,45
Haiti,K2,6
Haiti,M1,1
Haiti,P1,1
Haiti,P3,11
Haiti,R1,1
Honduras,A2,4
Honduras,B1,3
Honduras,C1,5
Honduras,C1/D,51
Honduras,C3,2
Honduras,E1,2
Honduras,F1,62
Honduras,F2,1
Honduras,G4,3
Honduras,H1B,13
Honduras,H2B,90
Honduras,H4,2
Honduras,J1,32
Honduras,J2,3
Honduras,K1,7
Nonimmigrant Visa Issuances By Nationality -,December,2017
Honduras,K2,4
Honduras,L1,4
Honduras,L2,3
Honduras,M1,1
Honduras,P1,1
Honduras,R1,2
Honduras,R2,1
Honduras,T3,2
Honduras,U3,6
Honduras,U5,1
Hong Kong S. A. R.,B1,7
Hong Kong S. A. R.,B2,1
Hong Kong S. A. R.,C1/D,154
Hong Kong S. A. R.,CW1,4
Hong Kong S. A. R.,E2,2
Hong Kong S. A. R.,F1,210
Hong Kong S. A. R.,F2,6
Hong Kong S. A. R.,G4,3
Hong Kong S. A. R.,H1B,33
Hong Kong S. A. R.,H4,8
Hong Kong S. A. R.,I,6
Hong Kong S. A. R.,J1,191
Hong Kong S. A. R.,J2,12
Hong Kong S. A. R.,K1,2
Hong Kong S. A. R.,L1,12
Hong Kong S. A. R.,L2,17
Hong Kong S. A. R.,O1,8
Hong Kong S. A. R.,O2,87
Hong Kong S. A. R.,Q1,5
Hungary,A1,4
Hungary,A2,18
Hungary,B1/B2,85
Hungary,C1/D,49
Hungary,E2,1
Hungary,E3D,1
Hungary,F1,27
Hungary,G3,2
Hungary,G4,4
Hungary,H1B,11
Hungary,H2A,1
Nonimmigrant Visa Issuances By Nationality -,December,2017
Hungary,H2B,4
Hungary,H4,5
Hungary,J1,67
Hungary,J2,16
Hungary,K1,2
Hungary,L1,18
Hungary,L2,28
Hungary,NATO2,11
Hungary,O1,3
Hungary,P1,98
Hungary,R1,2
Iceland,B1/B2,18
Iceland,C1/D,5
Iceland,F1,21
Iceland,F2,6
Iceland,G4,10
Iceland,H1B,7
Iceland,J1,17
Iceland,J2,2
Iceland,L1,3
Iceland,L2,4
Iceland,O1,5
Iceland,O3,3
Iceland,P2,1
India,A1,12
India,A2,118
India,A3,2
India,B1,40
India,B2,246
India,C1,45
India,C3,25
India,D,2
India,E1,1
India,E2,1
India,E3D,13
India,F2,216
India,G1,7
India,G2,24
Nonimmigrant Visa Issuances By Nationality -,December,2017
India,G4,69
India,G5,2
India,H3,2
India,I,2
India,J1,565
India,J2,161
India,K1,21
India,K2,1
India,M1,32
India,O1,51
India,O2,14
India,O3,20
India,P1,3
India,P3,27
India,R1,43
India,R2,21
India,TD,6
India,U2,1
India,U3,8
Indonesia,A1,18
Indonesia,A2,82
Indonesia,A3,1
Indonesia,B1,52
Indonesia,C1,5
Indonesia,C1/D,929
Indonesia,C3,9
Indonesia,E2,2
Indonesia,E3D,2
Indonesia,F1,165
Indonesia,F2,22
Indonesia,G1,20
Indonesia,G2,1
Indonesia,G4,11
Indonesia,G5,1
Indonesia,H1B,63
Indonesia,H4,14
Nonimmigrant Visa Issuances By Nationality -,December,2017
Indonesia,I,5
Indonesia,J1,54
Indonesia,J2,14
Indonesia,K1,12
Indonesia,K2,2
Indonesia,L1,25
Indonesia,L2,18
Indonesia,M1,3
Indonesia,O1,2
Indonesia,R1,4
Indonesia,R2,1
Iran,B1/B2,251
Iran,B2,10
Iran,F1,71
Iran,F2,20
Iran,G1,6
Iran,G2,1
Iran,G3,3
Iran,G4,11
Iran,J1,21
Iran,J2,7
Iran,K1,2
Iran,L2,1
Iraq,A1,5
Iraq,A2,10
Iraq,B1/B2,577
Iraq,B2,4
Iraq,F1,19
Iraq,F2,4
Iraq,G2,1
Iraq,H1B,1
Iraq,I,1
Iraq,J1,25
Iraq,J2,5
Iraq,K1,4
Iraq,M1,1
Ireland,A1,2
Ireland,A2,6
Ireland,B1,10
Ireland,B1/B2,122
Ireland,B2,2
Nonimmigrant Visa Issuances By Nationality -,December,2017
Ireland,C1,1
Ireland,C1/D,52
Ireland,E1,12
Ireland,E2,27
Ireland,E3D,1
Ireland,F1,47
Ireland,G4,5
Ireland,H1B,119
Ireland,H2B,4
Ireland,H3,4
Ireland,H4,13
Ireland,I,7
Ireland,J1,195
Ireland,J2,5
Ireland,K1,5
Ireland,L1,120
Ireland,L2,52
Ireland,M1,4
Ireland,O1,36
Ireland,O2,19
Ireland,O3,4
Ireland,P1,25
Ireland,P3,16
Ireland,P4,4
Ireland,Q1,1
Ireland,R1,1
Israel,A1,3
Israel,A2,228
Israel,B1,4
Israel,B2,26
Israel,C1/D,67
Israel,E1,18
Israel,E2,3
Israel,F1,60
Israel,F2,11
Israel,G1,1
Israel,G4,3
Israel,H1B,42
Israel,H4,39
Israel,I,1
Nonimmigrant Visa Issuances By Nationality -,December,2017
Israel,J1,117
Israel,J2,123
Israel,K1,3
Israel,L1,83
Israel,L2,99
Israel,M1,2
Israel,O1,27
Israel,O2,4
Israel,P1,10
Israel,P3,2
Israel,P4,3
Israel,R1,3
Israel,R2,4
Italy,A1,1
Italy,A2,40
Italy,A3,1
Italy,B1,29
Italy,B1/B2,611
Italy,B2,1
Italy,C1,1
Italy,C1/D,231
Italy,E1,12
Italy,E2,76
Italy,F1,383
Italy,F2,2
Italy,G1,3
Italy,G2,3
Italy,G3,2
Italy,G4,34
Italy,G5,1
Italy,H1B,148
Italy,H2B,1
Italy,H3,2
Italy,H4,31
Italy,I,9
Italy,J1,803
Italy,J2,39
Italy,K1,3
Italy,L1,141
Italy,L2,88
Italy,M1,16
Nonimmigrant Visa Issuances By Nationality -,December,2017
Italy,NATO2,12
Italy,O1,77
Italy,O2,3
Italy,O3,19
Italy,P1,14
Italy,P3,2
Italy,Q1,56
Italy,R1,8
Jamaica,A1,1
Jamaica,A2,8
Jamaica,A3,1
Jamaica,B1,9
Jamaica,C1,3
Jamaica,C1/D,95
Jamaica,C3,6
Jamaica,F1,76
Jamaica,F2,4
Jamaica,G4,8
Jamaica,H1B,32
Jamaica,H2A,22
Jamaica,H2B,297
Jamaica,H4,9
Jamaica,J1,30
Jamaica,J2,41
Jamaica,K1,16
Jamaica,K2,9
Jamaica,L1,1
Jamaica,L2,3
Jamaica,M1,1
Jamaica,O1,3
Jamaica,O2,8
Jamaica,P1,2
Jamaica,P3,9
Jamaica,R1,1
Jamaica,U3,3
Japan,A1,9
Japan,A2,848
Japan,B1,2
Japan,B1/B2,486
Japan,B2,1
Nonimmigrant Visa Issuances By Nationality -,December,2017
Japan,C1/D,348
Japan,C3,70
Japan,CW1,4
Japan,E1,179
Japan,E3D,8
Japan,F2,17
Japan,G1,2
Japan,G2,3
Japan,G4,32
Japan,H1B,96
Japan,H2B,32
Japan,H4,35
Japan,I,83
Japan,J1,502
Japan,J2,188
Japan,K1,13
Japan,L1,428
Japan,L2,518
Japan,M1,21
Japan,M2,2
Japan,O1,40
Japan,O3,16
Japan,P1,81
Japan,P3,22
Japan,P4,3
Japan,R1,3
Japan,R2,4
Japan,TD,5
Jordan,A2,129
Jordan,A3,2
Jordan,B2,19
Jordan,C1/D,15
Jordan,C3,17
Jordan,E2,7
Jordan,F1,84
Jordan,F2,6
Jordan,G4,10
Jordan,H1B,26
Nonimmigrant Visa Issuances By Nationality -,December,2017
Jordan,H4,6
Jordan,I,2
Jordan,J1,25
Jordan,J2,5
Jordan,K1,3
Jordan,L1,5
Jordan,L2,5
Jordan,M1,2
Jordan,R1,2
Jordan,R2,1
Kazakhstan,A1,2
Kazakhstan,A2,44
Kazakhstan,B1,2
Kazakhstan,B1/B2,823
Kazakhstan,B2,1
Kazakhstan,C1,3
Kazakhstan,D,3
Kazakhstan,F1,86
Kazakhstan,F2,27
Kazakhstan,G1,5
Kazakhstan,G2,5
Kazakhstan,G4,2
Kazakhstan,G5,1
Kazakhstan,H1B,7
Kazakhstan,H4,2
Kazakhstan,I,1
Kazakhstan,J1,29
Kazakhstan,J2,10
Kazakhstan,L1,2
Kazakhstan,L2,1
Kazakhstan,O1,1
Kazakhstan,O2,1
Kazakhstan,O3,1
Kazakhstan,P1,2
Kazakhstan,P4,1
Kenya,A1,13
Kenya,A2,27
Kenya,A3,1
Kenya,B1,2
Kenya,B2,5
Nonimmigrant Visa Issuances By Nationality -,December,2017
Kenya,C1,3
Kenya,C1/D,33
Kenya,C3,7
Kenya,D,1
Kenya,E3D,1
Kenya,F1,273
Kenya,F2,9
Kenya,G1,9
Kenya,G2,1
Kenya,G4,38
Kenya,G5,2
Kenya,H1B,27
Kenya,H4,2
Kenya,I,4
Kenya,J1,24
Kenya,J2,5
Kenya,K1,7
Kenya,K2,2
Kenya,L1,4
Kenya,L2,5
Kenya,M1,4
Kenya,P1,2
Kenya,R1,5
Kenya,R2,7
Kiribati,A2,1
Kiribati,B1/B2,2
Kiribati,C1/D,19
Kiribati,F1,2
Kiribati,G1,4
Kiribati,G4,4
Kiribati,J1,3
"Korea, South",A1,11
"Korea, South",A2,128
"Korea, South",B1,1
"Korea, South",C1/D,443
"Korea, South",CW1,22
"Korea, South",CW2,6
"Korea, South",E1,11
"Korea, South",E2,123
Nonimmigrant Visa Issuances By Nationality -,December,2017
"Korea, South",F2,223
"Korea, South",G1,4
"Korea, South",G2,1
"Korea, South",G4,11
"Korea, South",H1B,308
"Korea, South",H3,2
"Korea, South",H4,96
"Korea, South",I,17
"Korea, South",J2,503
"Korea, South",K1,12
"Korea, South",L1,192
"Korea, South",L2,316
"Korea, South",M1,60
"Korea, South",M2,3
"Korea, South",O1,31
"Korea, South",O2,4
"Korea, South",O3,15
"Korea, South",P1,34
"Korea, South",P3,1
"Korea, South",P4,3
"Korea, South",R1,10
"Korea, South",R2,9
Kosovo,A2,5
Kosovo,B1,1
Kosovo,B1/B2,400
Kosovo,C1,1
Kosovo,C1/D,2
Kosovo,F1,8
Kosovo,H1B,2
Kosovo,H4,1
Kosovo,J1,17
Kosovo,K1,1
Kosovo,P3,6
Kuwait,A1,1
Kuwait,A2,37
Kuwait,C1/D,4
Kuwait,F1,205
Kuwait,F2,33
Kuwait,G4,2
Nonimmigrant Visa Issuances By Nationality -,December,2017
Kuwait,J1,5
Kuwait,J2,2
Kuwait,L1,1
Kuwait,O1,1
Kyrgyzstan,A1,5
Kyrgyzstan,A2,2
Kyrgyzstan,B1/B2,228
Kyrgyzstan,C1,15
Kyrgyzstan,D,17
Kyrgyzstan,E2,1
Kyrgyzstan,F1,11
Kyrgyzstan,F2,4
Kyrgyzstan,G1,2
Kyrgyzstan,G2,1
Kyrgyzstan,G4,12
Kyrgyzstan,I,5
Kyrgyzstan,J1,20
Kyrgyzstan,J2,1
Kyrgyzstan,K1,1
Kyrgyzstan,R1,1
Laos,A1,4
Laos,A2,8
Laos,B1/B2,64
Laos,C3,1
Laos,E2,1
Laos,F1,13
Laos,G1,3
Laos,J1,1
Laos,K1,11
Laos,K2,1
Laos,R1,1
Latvia,A2,4
Latvia,B1/B2,34
Latvia,B2,8
Latvia,C1/D,73
Latvia,E2,1
Latvia,F1,4
Latvia,F2,1
Latvia,H1B,1
Latvia,H4,1
Latvia,J1,13
Nonimmigrant Visa Issuances By Nationality -,December,2017
Latvia,J2,3
Latvia,L1,2
Latvia,L2,3
Latvia,O1,3
Latvia,O2,6
Latvia,P1,23
Lebanon,A1,3
Lebanon,A2,36
Lebanon,B2,6
Lebanon,C1,1
Lebanon,C1/D,6
Lebanon,F1,45
Lebanon,F2,2
Lebanon,G1,1
Lebanon,G4,10
Lebanon,H1B,37
Lebanon,H4,4
Lebanon,J1,39
Lebanon,J2,6
Lebanon,K1,9
Lebanon,L1,8
Lebanon,L2,12
Lebanon,M1,1
Lebanon,O1,4
Lebanon,R1,1
Lebanon,TD,1
Lesotho,B1/B2,6
Lesotho,F1,1
Lesotho,G2,2
Lesotho,G5,1
Liberia,A1,4
Liberia,A2,18
Liberia,B1/B2,208
Liberia,F1,21
Liberia,F2,1
Liberia,G1,1
Liberia,G2,1
Liberia,G4,1
Liberia,K1,4
Liberia,R2,1
Nonimmigrant Visa Issuances By Nationality -,December,2017
Libya,A1,3
Libya,A2,6
Libya,B1/B2,22
Libya,F1,10
Libya,G4,2
Libya,J1,7
Libya,L1,1
Libya,L2,1
Liechtenstein,B1/B2,2
Liechtenstein,C1/D,2
Liechtenstein,F1,1
Liechtenstein,J1,2
Lithuania,A2,9
Lithuania,B1,2
Lithuania,B1/B2,34
Lithuania,C1/D,22
Lithuania,E2,3
Lithuania,E3D,2
Lithuania,F1,13
Lithuania,G2,1
Lithuania,G4,3
Lithuania,H1B,3
Lithuania,H4,2
Lithuania,I,2
Lithuania,J1,7
Lithuania,J2,1
Lithuania,K1,1
Lithuania,L1,9
Lithuania,L2,7
Lithuania,O1,3
Lithuania,P1,3
Lithuania,P3,1
Lithuania,R2,1
Lithuania,TD,1
Luxembourg,A2,1
Luxembourg,B1/B2,7
Luxembourg,C3,1
Luxembourg,F1,2
Luxembourg,G4,1
Luxembourg,I,2
Luxembourg,J1,4
Nonimmigrant Visa Issuances By Nationality -,December,2017
Luxembourg,J2,2
Luxembourg,O1,1
Luxembourg,P1,1
Macau S. A. R.,B1/B2,206
Macau S. A. R.,CW1,4
Macau S. A. R.,F1,24
Macau S. A. R.,H1B,1
Macau S. A. R.,J1,9
Macau S. A. R.,L1,1
Macau S. A. R.,L2,1
Macedonia,A2,6
Macedonia,B1,1
Macedonia,B1/B2,320
Macedonia,C1/D,23
Macedonia,F1,1
Macedonia,G4,10
Macedonia,H1B,2
Macedonia,J1,10
Macedonia,J2,1
Macedonia,K1,2
Macedonia,L1,1
Macedonia,M1,1
Macedonia,O1,2
Macedonia,P3,19
Macedonia,Q1,5
Madagascar,A2,2
Madagascar,B1/B2,88
Madagascar,C1,4
Madagascar,D,1
Madagascar,F1,11
Madagascar,G2,2
Madagascar,G4,14
Madagascar,H1B,1
Madagascar,J1,3
Madagascar,M1,1
Malawi,A2,3
Malawi,B1/B2,81
Malawi,C3,5
Malawi,F1,11
Malawi,F2,3
Malawi,G1,1
Nonimmigrant Visa Issuances By Nationality -,December,2017
Malawi,G2,2
Malawi,G4,4
Malawi,J1,2
Malawi,L2,1
Malawi,R1,1
Malaysia,A1,5
Malaysia,A2,37
Malaysia,B1,34
Malaysia,B2,1
Malaysia,C1,4
Malaysia,C1/D,173
Malaysia,CW1,8
Malaysia,D,1
Malaysia,E2,1
Malaysia,E3D,1
Malaysia,F1,163
Malaysia,F2,7
Malaysia,G1,1
Malaysia,G4,6
Malaysia,H1B,46
Malaysia,H4,7
Malaysia,J1,85
Malaysia,J2,2
Malaysia,K1,5
Malaysia,L1,35
Malaysia,L2,30
Malaysia,M1,1
Malaysia,O1,4
Malaysia,O2,6
Malaysia,O3,1
Malaysia,P1,1
Maldives,A2,1
Maldives,B1/B2,6
Maldives,C1/D,1
Maldives,F1,1
Maldives,G2,1
Maldives,G4,1
Maldives,K1,1
Mali,A2,4
Mali,B1,3
Nonimmigrant Visa Issuances By Nationality -,December,2017
Mali,B1/B2,155
Mali,F1,13
Mali,G4,1
Mali,G5,1
Mali,H1B,1
Mali,J1,2
Mali,J2,1
Mali,K1,2
Mali,K2,1
Mali,P3,6
Malta,B1/B2,5
Malta,C1/D,3
Malta,F1,1
Malta,M1,1
"Marshall Islands, Republic of the",B1/B2,1
"Marshall Islands, Republic of the",B2,2
"Marshall Islands, Republic of the",C1,2
Mauritania,A2,1
Mauritania,B1/B2,23
Mauritania,C3,2
Mauritania,F1,2
Mauritania,F2,2
Mauritania,G4,1
Mauritania,H4,1
Mauritius,A2,1
Mauritius,B1/B2,122
Mauritius,C1/D,127
Mauritius,F1,4
Mauritius,F2,1
Mauritius,H1B,5
Mauritius,J1,5
Mauritius,L1,2
Mauritius,L2,1
Mexico,A1,39
Mexico,A2,285
Mexico,B1,270
Mexico,B1/B2,668
Mexico,B2,15
Mexico,C1,13
Nonimmigrant Visa Issuances By Nationality -,December,2017
Mexico,C1/D,225
Mexico,D,1
Mexico,E1,73
Mexico,E2,76
Mexico,F1,450
Mexico,F2,47
Mexico,G1,4
Mexico,G4,70
Mexico,G5,4
Mexico,H1B,478
Mexico,H3,1
Mexico,H4,366
Mexico,I,67
Mexico,J1,470
Mexico,J2,32
Mexico,K1,52
Mexico,K2,17
Mexico,L1,543
Mexico,L2,737
Mexico,M1,14
Mexico,M2,9
Mexico,O1,58
Mexico,O2,43
Mexico,O3,14
Mexico,P1,269
Mexico,P2,1
Mexico,P3,15
Mexico,P4,7
Mexico,Q1,8
Mexico,R1,38
Mexico,R2,23
Mexico,TD,943
Mexico,U1,4
Mexico,U2,3
Mexico,U3,28
Mexico,U4,4
Moldova,A2,3
Moldova,B1/B2,239
Nonimmigrant Visa Issuances By Nationality -,December,2017
Moldova,B2,1
Moldova,C1/D,7
Moldova,F1,5
Moldova,G4,2
Moldova,J1,6
Moldova,K1,3
Moldova,O1,1
Moldova,P1,1
Moldova,P3,4
Monaco,F1,3
Monaco,G2,1
Monaco,H1B,1
Monaco,J1,1
Mongolia,A2,4
Mongolia,A3,1
Mongolia,B1/B2,480
Mongolia,F1,60
Mongolia,F2,7
Mongolia,G2,1
Mongolia,G4,1
Mongolia,G5,1
Mongolia,H1B,4
Mongolia,I,1
Mongolia,J1,9
Mongolia,P1,4
Mongolia,R1,2
Montenegro,A2,6
Montenegro,B1,1
Montenegro,B1/B2,514
Montenegro,C1,6
Montenegro,C1/D,144
Montenegro,F1,4
Montenegro,H1B,2
Montenegro,J1,10
Montenegro,K1,1
Montenegro,O1,1
Montenegro,P3,1
Morocco,A1,10
Morocco,A2,25
Morocco,A3,3
Morocco,B1,3
Nonimmigrant Visa Issuances By Nationality -,December,2017
Morocco,B1/B2,636
Morocco,B2,1
Morocco,C1,2
Morocco,C1/D,37
Morocco,E2,1
Morocco,F1,47
Morocco,F2,2
Morocco,G1,3
Morocco,G4,7
Morocco,G5,1
Morocco,H1B,5
Morocco,H4,2
Morocco,I,1
Morocco,J1,55
Morocco,J2,1
Morocco,K1,10
Morocco,L1,1
Morocco,L2,1
Morocco,M1,1
Morocco,O1,1
Morocco,O3,1
Morocco,TD,1
Mozambique,A1,2
Mozambique,A2,3
Mozambique,B1/B2,97
Mozambique,F1,2
Mozambique,G1,5
Mozambique,G4,1
Mozambique,G5,1
Mozambique,J1,4
Mozambique,J2,1
Namibia,A2,5
Namibia,B1,1
Namibia,B1/B2,86
Namibia,B2,1
Namibia,C3,4
Namibia,F1,9
Namibia,H4,1
Namibia,K1,1
Namibia,L1,4
Nauru,A2,1
Nonimmigrant Visa Issuances By Nationality -,December,2017
Nauru,G1,1
Nepal,A1,4
Nepal,A2,16
Nepal,A3,1
Nepal,B1,4
Nepal,B1/B2,839
Nepal,B2,1
Nepal,C1/D,19
Nepal,F1,151
Nepal,F2,20
Nepal,G2,1
Nepal,G4,16
Nepal,H1B,63
Nepal,H4,24
Nepal,J1,11
Nepal,J2,2
Nepal,K1,1
Nepal,L1,4
Nepal,L2,2
Nepal,R2,2
Netherlands,A1,1
Netherlands,A2,16
Netherlands,B1,51
Netherlands,B1/B2,518
Netherlands,B2,2
Netherlands,C1/D,304
Netherlands,E1,1
Netherlands,E2,38
Netherlands,F1,130
Netherlands,F2,4
Netherlands,G1,6
Netherlands,G2,2
Netherlands,G4,14
Netherlands,H1B,32
Netherlands,H3,2
Netherlands,H4,4
Netherlands,I,7
Netherlands,J1,295
Netherlands,J2,13
Netherlands,K1,9
Netherlands,L1,93
Nonimmigrant Visa Issuances By Nationality -,December,2017
Netherlands,L2,77
Netherlands,M1,3
Netherlands,NATO2,7
Netherlands,O1,27
Netherlands,O2,9
Netherlands,O3,4
Netherlands,P1,10
Netherlands,P2,1
Netherlands,R1,3
Netherlands,R2,1
Netherlands,TD,1
New Zealand,A1,3
New Zealand,A2,51
New Zealand,B1,3
New Zealand,B1/B2,206
New Zealand,B2,1
New Zealand,C1/D,61
New Zealand,C3,31
New Zealand,E2,2
New Zealand,E3D,7
New Zealand,F1,63
New Zealand,G1,4
New Zealand,G2,2
New Zealand,G4,2
New Zealand,H1B,25
New Zealand,H2B,2
New Zealand,H3,2
New Zealand,H4,7
New Zealand,I,1
New Zealand,J1,145
New Zealand,J2,6
New Zealand,K1,3
New Zealand,L1,30
New Zealand,L2,19
New Zealand,O1,16
New Zealand,O3,1
New Zealand,P1,9
New Zealand,R1,2
New Zealand,TD,1
Nicaragua,A2,2
Nicaragua,B1,15
Nonimmigrant Visa Issuances By Nationality -,December,2017
Nicaragua,B2,64
Nicaragua,C1,10
Nicaragua,C1/D,38
Nicaragua,C3,1
Nicaragua,F1,23
Nicaragua,F2,3
Nicaragua,G1,1
Nicaragua,G2,1
Nicaragua,G4,4
Nicaragua,G5,2
Nicaragua,H1B,4
Nicaragua,H2A,14
Nicaragua,H4,5
Nicaragua,J1,28
Nicaragua,K1,5
Nicaragua,K2,6
Nicaragua,M1,1
Nicaragua,P1,4
Niger,A1,1
Niger,A2,13
Niger,B1,3
Niger,B1/B2,73
Niger,F1,10
Niger,G1,6
Niger,G2,1
Niger,G4,5
Niger,L1,1
Nigeria,A1,4
Nigeria,A2,40
Nigeria,B1,7
Nigeria,C1,5
Nigeria,C3,2
Nigeria,F1,834
Nigeria,F2,118
Nigeria,G2,8
Nigeria,G4,32
Nigeria,H1B,61
Nigeria,H4,3
Nigeria,I,1
Nonimmigrant Visa Issuances By Nationality -,December,2017
Nigeria,J1,28
Nigeria,J2,7
Nigeria,K1,26
Nigeria,K2,3
Nigeria,L1,17
Nigeria,L2,4
Nigeria,M1,11
Nigeria,M2,1
Nigeria,O1,3
Nigeria,O3,3
Nigeria,P2,1
Nigeria,P3,11
Nigeria,R1,13
Nigeria,R2,2
Nigeria,TD,1
*Non-Nationality Based Issuances,A3,1
*Non-Nationality Based Issuances,B1/B2,141
*Non-Nationality Based Issuances,B2,5
*Non-Nationality Based Issuances,C1/D,29
*Non-Nationality Based Issuances,F1,12
*Non-Nationality Based Issuances,F2,2
*Non-Nationality Based Issuances,G4,2
*Non-Nationality Based Issuances,H1B,1
*Non-Nationality Based Issuances,K1,2
*Non-Nationality Based Issuances,P3,1
*Non-Nationality Based Issuances,R1,1
Norway,A2,18
Norway,B1,8
Norway,B1/B2,179
Norway,C1/D,37
Norway,E2,12
Norway,F1,171
Norway,F2,8
Norway,G1,1
Norway,G2,1
Norway,G4,13
Norway,H1B,10
Norway,H2B,1
Norway,H4,1
Norway,I,3
Norway,J1,90
Nonimmigrant Visa Issuances By Nationality -,December,2017
Norway,J2,8
Norway,K1,7
Norway,K2,2
Norway,L1,26
Norway,L2,16
Norway,M1,1
Norway,NATO2,4
Norway,NATO4,5
Norway,O1,15
Norway,O2,8
Norway,O3,2
Norway,P1,15
Norway,P3,2
Norway,Q1,1
Norway,TD,1
Oman,A2,24
Oman,A3,1
Oman,B1/B2,119
Oman,B2,53
Oman,C1/D,6
Oman,E2,1
Oman,F1,121
Oman,F2,7
Oman,G4,1
Oman,L1,1
Oman,M1,1
Pakistan,A1,8
Pakistan,A2,40
Pakistan,A3,1
Pakistan,B1,4
Pakistan,B2,63
Pakistan,C1,4
Pakistan,C1/D,16
Pakistan,E1,4
Pakistan,E2,10
Pakistan,F1,188
Pakistan,F2,18
Pakistan,G1,3
Pakistan,G4,23
Pakistan,H1B,60
Nonimmigrant Visa Issuances By Nationality -,December,2017
Pakistan,H3,1
Pakistan,H4,34
Pakistan,I,3
Pakistan,J1,149
Pakistan,J2,32
Pakistan,K1,12
Pakistan,L1,18
Pakistan,L2,23
Pakistan,M1,1
Pakistan,O1,3
Pakistan,O3,1
Pakistan,R2,5
Pakistan,TD,2
Palestinian Authority Travel Document,A3,1
Palestinian Authority Travel Document,B1,2
Palestinian Authority Travel Document,B1/B2,402
Palestinian Authority Travel Document,B2,2
Palestinian Authority Travel Document,F1,8
Palestinian Authority Travel Document,F2,7
Palestinian Authority Travel Document,G4,1
Palestinian Authority Travel Document,J1,17
Palestinian Authority Travel Document,K1,2
Palestinian Authority Travel Document,L1,2
Palestinian Authority Travel Document,L2,6
Panama,A2,10
Panama,B1,12
Panama,C1,2
Panama,C1/D,43
Panama,C3,2
Panama,F1,189
Panama,H1B,8
Panama,J1,60
Panama,K1,3
Panama,L1,4
Panama,L2,5
Panama,M1,4
Panama,O1,2
Panama,O3,1
Panama,P1,3
Papua New Guinea,A2,5
Nonimmigrant Visa Issuances By Nationality -,December,2017
Papua New Guinea,B1,1
Papua New Guinea,B1/B2,51
Papua New Guinea,F1,4
Papua New Guinea,G1,1
Papua New Guinea,G4,4
Papua New Guinea,J1,12
Papua New Guinea,J2,1
Paraguay,A2,4
Paraguay,B1,20
Paraguay,B1/B2,804
Paraguay,C1,1
Paraguay,C1/D,3
Paraguay,F1,39
Paraguay,F2,1
Paraguay,G2,1
Paraguay,G4,1
Paraguay,G5,2
Paraguay,H1B,3
Paraguay,I,1
Paraguay,J1,60
Paraguay,J2,1
Paraguay,L1,1
Paraguay,O1,1
Paraguay,P4,1
Paraguay,R1,2
Paraguay,T3,1
Paraguay,TD,1
Peru,A1,3
Peru,A2,5
Peru,A3,2
Peru,B1,52
Peru,C1,28
Peru,C1/D,101
Peru,C3,2
Peru,E2,1
Peru,F1,166
Peru,F2,11
Peru,G2,1
Peru,G4,14
Peru,G5,6
Nonimmigrant Visa Issuances By Nationality -,December,2017
Peru,H1B,53
Peru,H2A,43
Peru,H2B,7
Peru,H3,1
Peru,H4,11
Peru,I,3
Peru,J1,948
Peru,J2,9
Peru,K1,8
Peru,K2,2
Peru,L1,10
Peru,L2,7
Peru,M1,9
Peru,O1,1
Peru,O2,1
Peru,P1,1
Peru,P4,2
Peru,R1,1
Peru,U2,1
Peru,U3,2
Philippines,A1,14
Philippines,A2,72
Philippines,A3,11
Philippines,B1,542
Philippines,B2,55
Philippines,C1,79
Philippines,C3,3
Philippines,CW1,265
Philippines,CW2,45
Philippines,E1,1
Philippines,E2,3
Philippines,F1,65
Philippines,F2,4
Philippines,G1,4
Philippines,G2,4
Philippines,G4,31
Philippines,G5,13
Philippines,H1B,169
Philippines,H2B,22
Nonimmigrant Visa Issuances By Nationality -,December,2017
Philippines,H4,57
Philippines,I,4
Philippines,J1,509
Philippines,J2,44
Philippines,K1,436
Philippines,K2,106
Philippines,L1,69
Philippines,L2,52
Philippines,M1,6
Philippines,O1,5
Philippines,O2,1
Philippines,O3,1
Philippines,R1,14
Philippines,R2,4
Philippines,T2,1
Philippines,T3,6
Philippines,TD,1
Poland,A2,30
Poland,B1,59
Poland,C1/D,159
Poland,C3,1
Poland,E2,17
Poland,E3D,1
Poland,F1,52
Poland,F2,1
Poland,G1,1
Poland,G2,3
Poland,G4,4
Poland,G5,1
Poland,H1B,29
Poland,H2B,3
Poland,H3,1
Poland,H4,13
Poland,I,13
Poland,J1,119
Poland,J2,16
Poland,K1,1
Poland,L1,61
Poland,L2,37
Poland,M1,1
Nonimmigrant Visa Issuances By Nationality -,December,2017
Poland,NATO2,18
Poland,NATO4,1
Poland,NATO6,2
Poland,O1,10
Poland,O2,3
Poland,O3,2
Poland,P1,4
Poland,R1,4
Portugal,A2,1
Portugal,B1,1
Portugal,B1/B2,151
Portugal,C1/D,122
Portugal,E3D,1
Portugal,F1,36
Portugal,G4,5
Portugal,H1B,32
Portugal,H2B,1
Portugal,H4,3
Portugal,I,5
Portugal,J1,68
Portugal,J2,13
Portugal,K1,4
Portugal,L1,28
Portugal,L2,25
Portugal,NATO2,1
Portugal,NATO4,1
Portugal,O1,14
Portugal,O2,2
Portugal,O3,2
Portugal,P1,12
Portugal,P2,1
Portugal,P3,1
Portugal,P4,1
Portugal,R1,1
Qatar,A1,5
Qatar,A2,30
Qatar,B1,1
Qatar,B1/B2,321
Qatar,C1/D,1
Qatar,F1,35
Qatar,F2,2
Nonimmigrant Visa Issuances By Nationality -,December,2017
Qatar,G1,1
Qatar,G2,1
Qatar,G4,1
Qatar,J1,2
Republic of Palau,A1,2
Republic of Palau,B1/B2,1
Romania,A1,3
Romania,A2,11
Romania,B1,84
Romania,C1,10
Romania,C1/D,285
Romania,E2,1
Romania,E3D,1
Romania,F1,32
Romania,F2,3
Romania,G4,7
Romania,H1B,24
Romania,H2A,6
Romania,H2B,19
Romania,H4,2
Romania,I,2
Romania,J1,24
Romania,J2,3
Romania,K1,5
Romania,K2,2
Romania,L1,32
Romania,L2,14
Romania,M1,2
Romania,NATO2,14
Romania,NATO4,2
Romania,O1,5
Romania,P1,2
Romania,P3,32
Russia,A1,26
Russia,A2,36
Russia,B1,54
Russia,B2,26
Russia,C1,2
Nonimmigrant Visa Issuances By Nationality -,December,2017
Russia,CW1,1
Russia,D,1
Russia,E2,5
Russia,E3D,1
Russia,F1,323
Russia,F2,24
Russia,G1,21
Russia,G2,13
Russia,G4,46
Russia,H1B,60
Russia,H4,46
Russia,I,13
Russia,J1,98
Russia,J2,16
Russia,K1,30
Russia,K2,10
Russia,L1,88
Russia,L2,91
Russia,M1,5
Russia,O1,30
Russia,O2,4
Russia,O3,18
Russia,P1,150
Russia,P3,23
Russia,P4,2
Russia,R1,10
Russia,TD,1
Rwanda,A2,6
Rwanda,A3,1
Rwanda,B1/B2,134
Rwanda,C1/D,1
Rwanda,F1,37
Rwanda,F2,4
Rwanda,G4,2
Rwanda,H1B,12
Rwanda,J1,1
Rwanda,K1,1
Rwanda,M1,1
Samoa,A2,2
Samoa,B1/B2,114
Samoa,C1/D,28
Nonimmigrant Visa Issuances By Nationality -,December,2017
Samoa,F1,1
Samoa,G4,1
Samoa,J1,7
Samoa,R1,3
San Marino,B1/B2,1
Sao Tome and Principe,A2,1
Sao Tome and Principe,B1/B2,1
Saudi Arabia,A1,20
Saudi Arabia,A2,310
Saudi Arabia,A3,2
Saudi Arabia,B1,2
Saudi Arabia,B2,3
Saudi Arabia,D,42
Saudi Arabia,F2,411
Saudi Arabia,G1,5
Saudi Arabia,G4,2
Saudi Arabia,H1B,14
Saudi Arabia,H4,4
Saudi Arabia,I,1
Saudi Arabia,J1,50
Saudi Arabia,J2,26
Saudi Arabia,L1,20
Saudi Arabia,L2,43
Saudi Arabia,M1,37
Saudi Arabia,M2,8
Saudi Arabia,O1,2
Senegal,A1,8
Senegal,A2,19
Senegal,B1/B2,212
Senegal,F1,18
Senegal,G1,2
Senegal,G4,10
Senegal,G5,1
Senegal,H1B,2
Senegal,J1,3
Senegal,K1,5
Senegal,K2,2
Senegal,O1,1
Senegal,P1,2
Nonimmigrant Visa Issuances By Nationality -,December,2017
Serbia,A2,1
Serbia,B1,2
Serbia,B1/B2,789
Serbia,B2,1
Serbia,C1/D,109
Serbia,F1,66
Serbia,F2,3
Serbia,G2,4
Serbia,G4,12
Serbia,H1B,18
Serbia,H2B,60
Serbia,H4,3
Serbia,J1,18
Serbia,J2,4
Serbia,K1,4
Serbia,L1,13
Serbia,L2,18
Serbia,O1,1
Serbia,O3,1
Serbia,P1,1
Serbia,P2,1
Seychelles,B1/B2,4
Seychelles,C1/D,1
Seychelles,C3,1
Seychelles,G1,1
Seychelles,J1,1
Sierra Leone,A2,5
Sierra Leone,B1,10
Sierra Leone,B1/B2,80
Sierra Leone,C1,1
Sierra Leone,F1,7
Sierra Leone,F2,3
Sierra Leone,G1,1
Sierra Leone,G2,1
Sierra Leone,G4,3
Sierra Leone,G5,2
Sierra Leone,H1B,1
Sierra Leone,I,1
Sierra Leone,J1,2
Sierra Leone,K1,2
Singapore,A1,3
Nonimmigrant Visa Issuances By Nationality -,December,2017
Singapore,A2,43
Singapore,B1,5
Singapore,B1/B2,42
Singapore,C1/D,347
Singapore,E2,5
Singapore,E3D,1
Singapore,F1,108
Singapore,F2,1
Singapore,G4,3
Singapore,H1B,70
Singapore,H1B1,82
Singapore,H4,54
Singapore,J1,218
Singapore,J2,6
Singapore,K1,3
Singapore,L1,28
Singapore,L2,22
Singapore,M1,2
Singapore,O1,5
Singapore,O2,8
Singapore,O3,1
Singapore,P1,1
Slovakia,A1,2
Slovakia,A2,13
Slovakia,B1/B2,49
Slovakia,C1/D,22
Slovakia,E2,2
Slovakia,F1,30
Slovakia,F2,1
Slovakia,G1,1
Slovakia,G2,15
Slovakia,G4,1
Slovakia,H1B,5
Slovakia,H4,1
Slovakia,I,1
Slovakia,J1,47
Slovakia,J2,3
Slovakia,L1,13
Slovakia,L2,8
Slovakia,NATO2,2
Slovakia,O1,4
Nonimmigrant Visa Issuances By Nationality -,December,2017
Slovenia,B1/B2,21
Slovenia,C1/D,7
Slovenia,E2,1
Slovenia,F1,9
Slovenia,G2,7
Slovenia,H1B,4
Slovenia,H2B,1
Slovenia,J1,9
Slovenia,J2,2
Slovenia,L1,2
Slovenia,L2,1
Slovenia,NATO2,2
Slovenia,O1,2
Slovenia,P1,7
Slovenia,P4,1
Solomon Islands,A2,1
Solomon Islands,B1/B2,2
Solomon Islands,C3,1
Solomon Islands,F1,1
Solomon Islands,G3,1
Somalia,A2,2
Somalia,B1/B2,1
Somalia,G4,2
Somalia,K1,1
South Africa,A1,17
South Africa,A2,14
South Africa,B1,14
South Africa,B2,19
South Africa,C1,17
South Africa,C1/D,157
South Africa,C3,10
South Africa,E3D,1
South Africa,F1,109
South Africa,F2,8
South Africa,G1,19
South Africa,G4,13
South Africa,H1B,29
South Africa,H2A,10
South Africa,H2B,58
South Africa,H3,2
Nonimmigrant Visa Issuances By Nationality -,December,2017
South Africa,H4,19
South Africa,J1,223
South Africa,J2,8
South Africa,K1,9
South Africa,L1,182
South Africa,L2,85
South Africa,M1,2
South Africa,O1,19
South Africa,O3,6
South Africa,P1,5
South Africa,P4,1
South Africa,R1,3
South Africa,R2,11
South Sudan,A1,2
South Sudan,A2,2
South Sudan,B1/B2,22
South Sudan,F1,4
South Sudan,G4,1
South Sudan,J1,1
South Sudan,K1,1
South Sudan,O1,1
Spain,A1,1
Spain,A2,19
Spain,B1,34
Spain,B1/B2,379
Spain,C1/D,136
Spain,C3,2
Spain,E1,1
Spain,E2,105
Spain,F1,266
Spain,F2,4
Spain,G1,4
Spain,G2,1
Spain,G3,1
Spain,G4,59
Spain,G5,1
Spain,H1B,156
Spain,H2B,1
Spain,H3,1
Spain,H4,21
Spain,I,12
Nonimmigrant Visa Issuances By Nationality -,December,2017
Spain,J1,631
Spain,J2,63
Spain,K1,6
Spain,L1,122
Spain,L2,121
Spain,M1,7
Spain,NATO2,3
Spain,O1,49
Spain,O2,4
Spain,O3,15
Spain,P1,18
Spain,P3,10
Spain,P4,4
Spain,R1,2
Sri Lanka,A2,18
Sri Lanka,A3,1
Sri Lanka,B1,5
Sri Lanka,B1/B2,487
Sri Lanka,B2,3
Sri Lanka,C1,1
Sri Lanka,C1/D,65
Sri Lanka,E2,1
Sri Lanka,F1,78
Sri Lanka,F2,8
Sri Lanka,G4,5
Sri Lanka,H1B,25
Sri Lanka,H4,10
Sri Lanka,I,1
Sri Lanka,J1,18
Sri Lanka,J2,7
Sri Lanka,K1,2
Sri Lanka,L1,6
Sri Lanka,L2,6
Sri Lanka,M1,1
Sri Lanka,P2,1
St Lucia,A1,2
St Lucia,A2,4
St Lucia,B1,3
St Lucia,B1/B2,183
St Lucia,B2,1
St Lucia,C1/D,8
Nonimmigrant Visa Issuances By Nationality -,December,2017
St Lucia,C3,4
St Lucia,F1,10
St Lucia,H1B,4
St Lucia,K1,1
St Lucia,M1,1
St. Kitts and Nevis,B1/B2,102
St. Kitts and Nevis,B2,5
St. Kitts and Nevis,F1,5
St. Kitts and Nevis,H1B,1
St. Kitts and Nevis,K1,1
St. Vincent and The Grenadines,B1,6
St. Vincent and The Grenadines,B1/B2,77
St. Vincent and The Grenadines,C1/D,11
St. Vincent and The Grenadines,F1,8
St. Vincent and The Grenadines,G4,1
St. Vincent and The Grenadines,H1B,1
Sudan,A1,15
Sudan,A2,4
Sudan,A3,2
Sudan,B1,18
Sudan,B1/B2,248
Sudan,B2,4
Sudan,C1,2
Sudan,D,1
Sudan,F1,45
Sudan,F2,5
Sudan,G1,2
Sudan,G2,1
Sudan,G4,8
Sudan,H1B,3
Sudan,H4,1
Sudan,J1,7
Sudan,K1,1
Suriname,A1,1
Suriname,A2,10
Suriname,B1/B2,275
Suriname,C1/D,1
Suriname,C3,11
Suriname,F1,4
Suriname,G4,5
Suriname,J1,1
Nonimmigrant Visa Issuances By Nationality -,December,2017
Swaziland,B1/B2,22
Swaziland,F1,2
Swaziland,G2,1
Swaziland,H1B,1
Swaziland,J1,1
Sweden,A2,41
Sweden,B1,5
Sweden,B1/B2,256
Sweden,B2,4
Sweden,C1/D,52
Sweden,C3,3
Sweden,CW1,1
Sweden,E1,1
Sweden,E2,29
Sweden,E3D,4
Sweden,F1,185
Sweden,F2,1
Sweden,G1,2
Sweden,G2,1
Sweden,G4,6
Sweden,H1B,36
Sweden,H2B,1
Sweden,H3,1
Sweden,H4,8
Sweden,I,18
Sweden,J1,210
Sweden,J2,16
Sweden,K1,5
Sweden,L1,43
Sweden,L2,38
Sweden,M1,4
Sweden,O1,23
Sweden,O2,12
Sweden,O3,16
Sweden,P1,67
Sweden,P4,3
Sweden,R1,2
Switzerland,A1,4
Switzerland,A2,18
Switzerland,B1,11
Switzerland,B1/B2,184
Nonimmigrant Visa Issuances By Nationality -,December,2017
Switzerland,B2,6
Switzerland,C1,2
Switzerland,C1/D,41
Switzerland,E2,31
Switzerland,F1,182
Switzerland,G1,2
Switzerland,G2,2
Switzerland,G4,5
Switzerland,H1B,16
Switzerland,H3,1
Switzerland,H4,7
Switzerland,I,6
Switzerland,J1,105
Switzerland,J2,2
Switzerland,K1,3
Switzerland,L1,24
Switzerland,L2,30
Switzerland,M1,6
Switzerland,O1,10
Switzerland,O3,2
Switzerland,P1,11
Switzerland,P4,2
Switzerland,TD,1
Syria,B1,1
Syria,B1/B2,143
Syria,B2,3
Syria,C1/D,3
Syria,F1,7
Syria,G4,3
Syria,H4,1
Syria,J1,3
Syria,K1,4
Syria,L1,1
Syria,M1,1
Tajikistan,A1,3
Tajikistan,A2,4
Tajikistan,B1/B2,84
Tajikistan,F1,5
Tajikistan,G4,2
Tajikistan,H1B,1
Tajikistan,H4,1
Nonimmigrant Visa Issuances By Nationality -,December,2017
Tajikistan,J1,1
Tajikistan,K1,1
Tajikistan,O3,1
Tanzania,A2,5
Tanzania,B1,4
Tanzania,B1/B2,310
Tanzania,F1,40
Tanzania,F2,1
Tanzania,G4,5
Tanzania,H1B,4
Tanzania,J1,8
Tanzania,J2,1
Tanzania,K1,5
Tanzania,M1,1
Tanzania,O1,1
Tanzania,R1,2
Thailand,A1,2
Thailand,A2,54
Thailand,A3,1
Thailand,B1,40
Thailand,B2,3
Thailand,C1,3
Thailand,C1/D,198
Thailand,CW1,8
Thailand,E2,20
Thailand,F1,185
Thailand,F2,6
Thailand,G2,4
Thailand,G4,10
Thailand,H1B,44
Thailand,H3,1
Thailand,H4,4
Thailand,I,4
Thailand,J1,164
Thailand,J2,3
Thailand,K1,17
Thailand,K2,2
Thailand,L1,10
Thailand,L2,11
Thailand,M1,8
Nonimmigrant Visa Issuances By Nationality -,December,2017
Thailand,O1,8
Thailand,O3,1
Thailand,P1,2
Thailand,R1,9
Thailand,TD,2
Timor-Leste,A2,1
Timor-Leste,B1/B2,2
Timor-Leste,C1,1
Timor-Leste,G2,1
Timor-Leste,G4,1
Timor-Leste,J1,1
Togo,A1,1
Togo,A2,6
Togo,B1,1
Togo,B1/B2,79
Togo,B2,1
Togo,C1,2
Togo,C3,8
Togo,D,1
Togo,F1,12
Togo,G1,5
Togo,G4,4
Togo,H1B,1
Togo,L1,1
Tonga,A2,3
Tonga,B1/B2,80
Tonga,K1,1
Trinidad and Tobago,A2,6
Trinidad and Tobago,B1,11
Trinidad and Tobago,C1,6
Trinidad and Tobago,C1/D,6
Trinidad and Tobago,C3,3
Trinidad and Tobago,E2,6
Trinidad and Tobago,E3D,1
Trinidad and Tobago,F1,44
Trinidad and Tobago,G4,8
Trinidad and Tobago,H1B,23
Trinidad and Tobago,H3,1
Trinidad and Tobago,H4,3
Trinidad and Tobago,J1,18
Nonimmigrant Visa Issuances By Nationality -,December,2017
Trinidad and Tobago,K1,1
Trinidad and Tobago,L1,19
Trinidad and Tobago,L2,9
Trinidad and Tobago,M1,2
Trinidad and Tobago,P1,1
Trinidad and Tobago,P3,1
Tunisia,A2,15
Tunisia,B1/B2,385
Tunisia,B2,1
Tunisia,C1,1
Tunisia,C1/D,23
Tunisia,E2,2
Tunisia,F1,30
Tunisia,F2,1
Tunisia,G4,7
Tunisia,H1B,7
Tunisia,I,1
Tunisia,J1,13
Tunisia,J2,1
Tunisia,K1,1
Tunisia,L1,4
Tunisia,L2,3
Tunisia,O1,1
Turkey,A1,26
Turkey,A2,26
Turkey,A3,1
Turkey,B1,12
Turkey,B2,38
Turkey,C1/D,280
Turkey,E1,1
Turkey,E2,22
Turkey,F1,247
Turkey,F2,29
Turkey,G1,10
Turkey,G2,2
Turkey,G4,12
Turkey,H1B,58
Turkey,H4,36
Turkey,I,3
Turkey,J1,198
Nonimmigrant Visa Issuances By Nationality -,December,2017
Turkey,J2,50
Turkey,K1,9
Turkey,K2,1
Turkey,L1,28
Turkey,L2,20
Turkey,M1,2
Turkey,NATO2,23
Turkey,O1,6
Turkey,O3,2
Turkey,R2,1
Turkey,TD,1
Turkmenistan,A2,1
Turkmenistan,B1/B2,70
Turkmenistan,F1,20
Turkmenistan,F2,3
Turkmenistan,H4,7
Turkmenistan,J1,3
Turks and Caicos Islands,B1/B2,11
Turks and Caicos Islands,F1,2
Tuvalu,B1/B2,1
Uganda,A1,2
Uganda,A2,11
Uganda,B1,1
Uganda,B1/B2,465
Uganda,B2,1
Uganda,C1,3
Uganda,C3,5
Uganda,D,2
Uganda,F1,61
Uganda,F2,4
Uganda,G1,2
Uganda,G4,19
Uganda,H1B,6
Uganda,I,4
Uganda,J1,19
Uganda,J2,3
Uganda,K1,9
Uganda,L2,1
Uganda,P3,102
Uganda,R1,3
Uganda,R2,1
Nonimmigrant Visa Issuances By Nationality -,December,2017
Ukraine,A1,5
Ukraine,A2,52
Ukraine,B1,115
Ukraine,B2,519
Ukraine,C1/D,827
Ukraine,E2,6
Ukraine,F1,56
Ukraine,F2,9
Ukraine,G4,11
Ukraine,H1B,32
Ukraine,H2A,1
Ukraine,H4,24
Ukraine,I,2
Ukraine,J1,31
Ukraine,J2,3
Ukraine,K1,31
Ukraine,K2,10
Ukraine,L1,50
Ukraine,L2,60
Ukraine,O1,8
Ukraine,O3,6
Ukraine,P1,38
Ukraine,P3,14
Ukraine,R1,2
Ukraine,TD,1
United Arab Emirates,A1,18
United Arab Emirates,A2,52
United Arab Emirates,B1/B2,618
United Arab Emirates,B2,94
United Arab Emirates,D,6
United Arab Emirates,F1,109
United Arab Emirates,F2,5
United Arab Emirates,J1,4
Uruguay,A1,5
Uruguay,A2,2
Uruguay,B1,3
Uruguay,C1,4
Uruguay,C1/D,9
Uruguay,F1,17
Nonimmigrant Visa Issuances By Nationality -,December,2017
Uruguay,G1,1
Uruguay,G4,5
Uruguay,H1B,11
Uruguay,H4,1
Uruguay,I,2
Uruguay,J1,42
Uruguay,J2,3
Uruguay,K1,1
Uruguay,K2,1
Uruguay,L1,4
Uruguay,L2,6
Uruguay,M1,2
Uruguay,O1,5
Uruguay,O3,5
Uruguay,P1,1
Uruguay,R1,1
Uzbekistan,A1,4
Uzbekistan,A2,7
Uzbekistan,B1,1
Uzbekistan,B1/B2,528
Uzbekistan,C1,1
Uzbekistan,C1/D,17
Uzbekistan,E2,1
Uzbekistan,F1,29
Uzbekistan,F2,1
Uzbekistan,G2,1
Uzbekistan,G4,6
Uzbekistan,H1B,2
Uzbekistan,H4,2
Uzbekistan,J1,10
Uzbekistan,K1,4
Uzbekistan,O1,1
Uzbekistan,P3,7
Vanuatu,A2,3
Vanuatu,B1/B2,3
Vanuatu,F1,1
Vanuatu,J1,1
Vatican City,A2,1
Venezuela,A1,1
Venezuela,A2,10
Venezuela,B1,58
Nonimmigrant Visa Issuances By Nationality -,December,2017
Venezuela,C1,10
Venezuela,C1/D,50
Venezuela,D,1
Venezuela,E2,23
Venezuela,F1,246
Venezuela,F2,19
Venezuela,G1,20
Venezuela,G2,2
Venezuela,G4,12
Venezuela,G5,2
Venezuela,H1B,45
Venezuela,H4,28
Venezuela,I,12
Venezuela,J1,26
Venezuela,J2,5
Venezuela,K1,21
Venezuela,K2,4
Venezuela,L1,34
Venezuela,L2,62
Venezuela,M1,2
Venezuela,O1,20
Venezuela,O2,6
Venezuela,O3,19
Venezuela,P1,74
Venezuela,P4,18
Venezuela,R1,3
Venezuela,TD,4
Vietnam,A1,25
Vietnam,A2,29
Vietnam,B1,8
Vietnam,B2,14
Vietnam,C1,10
Vietnam,C1/D,144
Vietnam,E2,2
Vietnam,F2,17
Vietnam,G1,8
Vietnam,G2,6
Vietnam,G4,27
Nonimmigrant Visa Issuances By Nationality -,December,2017
Vietnam,G5,1
Vietnam,H1B,103
Vietnam,H4,14
Vietnam,I,7
Vietnam,J1,79
Vietnam,J2,16
Vietnam,K1,122
Vietnam,K2,31
Vietnam,L1,32
Vietnam,L2,22
Vietnam,M1,17
Vietnam,O1,4
Vietnam,O3,2
Vietnam,P1,1
Vietnam,P3,3
Vietnam,R1,13
Yemen,A1,2
Yemen,A2,1
Yemen,A3,1
Yemen,B1,1
Yemen,B1/B2,32
Yemen,C1/D,1
Yemen,F1,22
Yemen,F2,4
Yemen,G4,5
Yemen,J1,4
Yemen,K1,1
Yemen,L1,3
Yemen,L2,8
Zambia,A1,1
Zambia,A2,5
Zambia,B1/B2,174
Zambia,B2,3
Zambia,C1/D,1
Zambia,F1,20
Zambia,G2,1
Zambia,G4,18
Zambia,H1B,1
Zambia,J1,1
Zimbabwe,A1,7
Zimbabwe,A2,4
Nonimmigrant Visa Issuances By Nationality -,December,2017
Zimbabwe,B1,2
Zimbabwe,B1/B2,428
Zimbabwe,B2,1
Zimbabwe,C1,38
Zimbabwe,D,69
Zimbabwe,F1,74
Zimbabwe,F2,2
Zimbabwe,G1,15
Zimbabwe,G2,2
Zimbabwe,G4,15
Zimbabwe,H1B,15
Zimbabwe,H4,5
Zimbabwe,J1,22
Zimbabwe,K1,3
Zimbabwe,L1,8
Zimbabwe,L2,6
Zimbabwe,O1,2
